solid OpenSCAD_Model
  facet normal 0.999322 -0.0368057 0
    outer loop
      vertex 29.991 -15.7362 -0.05
      vertex 29.991 -15.7362 0.05
      vertex 29.9639 -16.472 -0.05
    endloop
  endfacet
  facet normal 0 0.061389 0.998114
    outer loop
      vertex -0.05 16.472 29.9639
      vertex 0.05 17.2069 29.9187
      vertex -0.05 17.2069 29.9187
    endloop
  endfacet
  facet normal 0.848345 0.413364 0.33082
    outer loop
      vertex 27.1197 -2.17335 0.05
      vertex 0.05 38.6504 18.4569
      vertex 0.05 38.1903 19.0318
    endloop
  endfacet
  facet normal 0.999925 0.012224 0
    outer loop
      vertex 29.991 -14.2638 0.05
      vertex 30 -15 -0.05
      vertex 29.991 -14.2638 -0.05
    endloop
  endfacet
  facet normal -0.711424 0.00869711 -0.702709
    outer loop
      vertex -29.991 -14.2638 -0.05
      vertex -0.05 15.7362 -29.991
      vertex -30 -15 -0.05
    endloop
  endfacet
  facet normal 0.825221 0.319574 -0.465706
    outer loop
      vertex 0.05 32.2742 -24.5275
      vertex 27.9898 -4.20315 -0.05
      vertex 0.05 31.6671 -24.9441
    endloop
  endfacet
  facet normal -0.388094 -0.378667 0.840235
    outer loop
      vertex -0.05 2.84276 27.4263
      vertex -21.7274 -35.6862 0.05
      vertex -21.2132 -36.2132 0.05
    endloop
  endfacet
  facet normal -0.224915 -0.460693 -0.858589
    outer loop
      vertex -12.8267 -42.1197 -0.05
      vertex -13.4883 -41.7967 -0.05
      vertex -0.05 0.858098 -26.4576
    endloop
  endfacet
  facet normal 0 0.999322 -0.0368061
    outer loop
      vertex -0.05 44.9639 -1.47203
      vertex 0.05 44.991 -0.736237
      vertex 0.05 44.9639 -1.47203
    endloop
  endfacet
  facet normal -0.86645 0.499264 0
    outer loop
      vertex -0.05 45 0
      vertex -26.1026 -0.213054 -0.05
      vertex -26.1026 -0.213054 0.05
    endloop
  endfacet
  facet normal 0.978316 0.207118 -0
    outer loop
      vertex 29.4236 -9.14729 -0.05
      vertex 29.2711 -8.42696 -0.05
      vertex 29.4236 -9.14729 0.05
    endloop
  endfacet
  facet normal -0.866431 0.49926 0.00610312
    outer loop
      vertex -26.1026 -0.213054 0.05
      vertex -0.05 44.991 0.736237
      vertex -0.05 45 0
    endloop
  endfacet
  facet normal 0 -0.012224 -0.999925
    outer loop
      vertex 0.05 14.2638 -29.991
      vertex -0.05 15 -30
      vertex 0.05 15 -30
    endloop
  endfacet
  facet normal -0.99631 0.0858326 0
    outer loop
      vertex -29.8555 -12.0595 -0.05
      vertex -29.9187 -12.7931 -0.05
      vertex -29.8555 -12.0595 0.05
    endloop
  endfacet
  facet normal 0 0.999925 -0.0122234
    outer loop
      vertex 0.05 45 0
      vertex 0.05 44.991 -0.736237
      vertex -0.05 45 0
    endloop
  endfacet
  facet normal -0.622746 -0.143143 0.769218
    outer loop
      vertex -29.2711 -21.573 0.05
      vertex -0.05 9.14729 29.4236
      vertex -0.05 9.87114 29.5583
    endloop
  endfacet
  facet normal 0.319248 -0.419576 -0.849727
    outer loop
      vertex 18.4569 -38.6504 -0.05
      vertex 17.871 -39.0962 -0.05
      vertex 0.05 1.51166 -26.7967
    endloop
  endfacet
  facet normal -0.376719 -0.386096 0.842029
    outer loop
      vertex -20.6862 -36.7274 0.05
      vertex -0.05 2.17335 27.1197
      vertex -21.2132 -36.2132 0.05
    endloop
  endfacet
  facet normal 0.432859 -0.346423 0.832241
    outer loop
      vertex 23.1903 -34.0318 0.05
      vertex 23.6504 -33.4569 0.05
      vertex 0.05 3.5195 27.7164
    endloop
  endfacet
  facet normal 0.720031 0.0265192 0.693435
    outer loop
      vertex 29.9639 -13.528 0.05
      vertex 0.05 16.472 29.9639
      vertex 29.991 -14.2638 0.05
    endloop
  endfacet
  facet normal 0.736906 0.0634848 0.673007
    outer loop
      vertex 29.8555 -12.0595 0.05
      vertex 0.05 17.9405 29.8555
      vertex 29.9187 -12.7931 0.05
    endloop
  endfacet
  facet normal 0 0.919103 -0.394018
    outer loop
      vertex 0.05 42.7164 -11.4805
      vertex 0.05 42.4263 -12.1572
      vertex -0.05 42.7164 -11.4805
    endloop
  endfacet
  facet normal 0.853515 0.436783 -0.284136
    outer loop
      vertex 0.05 39.9441 -16.6671
      vertex 0.05 40.3456 -16.0499
      vertex 26.7967 -1.51166 -0.05
    endloop
  endfacet
  facet normal 0.972918 0.231152 0
    outer loop
      vertex 29.2711 -8.42696 0.05
      vertex 29.2711 -8.42696 -0.05
      vertex 29.1009 -7.71059 0.05
    endloop
  endfacet
  facet normal 0.711424 0.00869711 -0.702709
    outer loop
      vertex 30 -15 -0.05
      vertex 0.05 15.7362 -29.991
      vertex 29.991 -14.2638 -0.05
    endloop
  endfacet
  facet normal -0 0.278576 0.960414
    outer loop
      vertex -0.05 23.0014 28.9133
      vertex 0.05 23.0014 28.9133
      vertex -0.05 23.7085 28.7082
    endloop
  endfacet
  facet normal -0.585738 -0.8105 -0
    outer loop
      vertex -17.2742 -39.5275 0.05
      vertex -17.871 -39.0962 -0.05
      vertex -17.2742 -39.5275 -0.05
    endloop
  endfacet
  facet normal -0.698361 -0.715746 0
    outer loop
      vertex -21.2132 -36.2132 -0.05
      vertex -20.6862 -36.7274 0.05
      vertex -21.2132 -36.2132 0.05
    endloop
  endfacet
  facet normal 0.993915 -0.110148 0
    outer loop
      vertex 29.7744 -18.6723 0.05
      vertex 29.7744 -18.6723 -0.05
      vertex 29.8555 -17.9405 0.05
    endloop
  endfacet
  facet normal -0.629545 -0.133285 0.765447
    outer loop
      vertex -0.05 9.87114 29.5583
      vertex -29.4236 -20.8527 0.05
      vertex -29.2711 -21.573 0.05
    endloop
  endfacet
  facet normal 0.702709 -0.00869711 -0.711424
    outer loop
      vertex 29.991 -15.7362 -0.05
      vertex 0.05 14.2638 -29.991
      vertex 0.05 15 -30
    endloop
  endfacet
  facet normal 0.71137 0.00859126 0.702765
    outer loop
      vertex 0.05 15.7362 29.991
      vertex 0.05 15 30
      vertex 30 -15 0.05
    endloop
  endfacet
  facet normal 0.98312 -0.18296 0
    outer loop
      vertex 29.4236 -20.8527 -0.05
      vertex 29.5583 -20.1289 0.05
      vertex 29.4236 -20.8527 0.05
    endloop
  endfacet
  facet normal 0.636667 -0.122534 -0.761342
    outer loop
      vertex 0.05 9.87114 -29.5583
      vertex 0.05 10.5981 -29.6753
      vertex 29.4236 -20.8527 -0.05
    endloop
  endfacet
  facet normal -0.777053 0.164509 0.607557
    outer loop
      vertex -29.4236 -9.14729 0.05
      vertex -0.05 23.0014 28.9133
      vertex -29.2711 -8.42696 0.05
    endloop
  endfacet
  facet normal 0 0.662457 -0.7491
    outer loop
      vertex 0.05 35.1468 -22.2285
      vertex 0.05 34.5952 -22.7163
      vertex -0.05 35.1468 -22.2285
    endloop
  endfacet
  facet normal -0 0.207126 0.978314
    outer loop
      vertex -0.05 21.573 29.2711
      vertex -0.05 20.8527 29.4236
      vertex 0.05 21.573 29.2711
    endloop
  endfacet
  facet normal -0.887635 0.460548 0
    outer loop
      vertex -26.4576 -0.858098 0.05
      vertex -26.4576 -0.858098 -0.05
      vertex -26.7967 -1.51166 0.05
    endloop
  endfacet
  facet normal 0 0.919103 -0.394018
    outer loop
      vertex -0.05 42.7164 -11.4805
      vertex 0.05 42.4263 -12.1572
      vertex -0.05 42.4263 -12.1572
    endloop
  endfacet
  facet normal 0 0.864025 0.503449
    outer loop
      vertex 0.05 41.1026 14.7869
      vertex -0.05 40.7319 15.4231
      vertex 0.05 40.7319 15.4231
    endloop
  endfacet
  facet normal 0.777053 0.164509 0.607557
    outer loop
      vertex 29.2711 -8.42696 0.05
      vertex 0.05 23.0014 28.9133
      vertex 29.4236 -9.14729 0.05
    endloop
  endfacet
  facet normal 0.693435 -0.0265192 0.720031
    outer loop
      vertex 0.05 14.2638 29.991
      vertex 0.05 13.528 29.9639
      vertex 29.9639 -16.472 0.05
    endloop
  endfacet
  facet normal 0.898648 0.43867 0
    outer loop
      vertex 27.1197 -2.17335 0.05
      vertex 27.1197 -2.17335 -0.05
      vertex 26.7967 -1.51166 0.05
    endloop
  endfacet
  facet normal 0 0.662457 0.7491
    outer loop
      vertex 0.05 34.5952 22.7163
      vertex 0.05 35.1468 22.2285
      vertex -0.05 34.5952 22.7163
    endloop
  endfacet
  facet normal -0.443867 -0.33773 -0.830013
    outer loop
      vertex -0.05 3.5195 -27.7164
      vertex -23.6504 -33.4569 -0.05
      vertex -24.0962 -32.871 -0.05
    endloop
  endfacet
  facet normal 0.591099 -0.186447 -0.784755
    outer loop
      vertex 28.7082 -23.7085 -0.05
      vertex 0.05 7.71059 -29.1009
      vertex 0.05 8.42696 -29.2711
    endloop
  endfacet
  facet normal 0.0796027 -0.494591 0.865473
    outer loop
      vertex 0.05 0.213054 26.1026
      vertex 4.40191 -44.6753 0.05
      vertex 5.12886 -44.5583 0.05
    endloop
  endfacet
  facet normal 0.553677 -0.231961 0.799773
    outer loop
      vertex 0.05 6.99862 28.9133
      vertex 0.05 6.29146 28.7082
      vertex 27.7164 -26.4805 0.05
    endloop
  endfacet
  facet normal 0.728541 0.0448089 -0.683535
    outer loop
      vertex 29.9639 -13.528 -0.05
      vertex 0.05 17.2069 -29.9187
      vertex 29.9187 -12.7931 -0.05
    endloop
  endfacet
  facet normal 0.999925 0.012224 0
    outer loop
      vertex 30 -15 0.05
      vertex 30 -15 -0.05
      vertex 29.991 -14.2638 0.05
    endloop
  endfacet
  facet normal 0.999322 -0.0368057 0
    outer loop
      vertex 29.9639 -16.472 -0.05
      vertex 29.991 -15.7362 0.05
      vertex 29.9639 -16.472 0.05
    endloop
  endfacet
  facet normal -0.65775 -0.0893408 -0.747919
    outer loop
      vertex -29.6753 -19.4019 -0.05
      vertex -29.7744 -18.6723 -0.05
      vertex -0.05 11.3277 -29.7744
    endloop
  endfacet
  facet normal -0.481802 -0.305275 0.821385
    outer loop
      vertex -25.3456 -31.0499 0.05
      vertex -0.05 4.20315 27.9898
      vertex -0.05 4.8933 28.2463
    endloop
  endfacet
  facet normal 0.648422 -0.104354 0.754095
    outer loop
      vertex 0.05 10.5981 29.6753
      vertex 29.5583 -20.1289 0.05
      vertex 29.6753 -19.4019 0.05
    endloop
  endfacet
  facet normal -0 -0.061389 -0.998114
    outer loop
      vertex 0.05 13.528 -29.9639
      vertex 0.05 12.7931 -29.9187
      vertex -0.05 13.528 -29.9639
    endloop
  endfacet
  facet normal 0.993915 -0.110148 0
    outer loop
      vertex 29.8555 -17.9405 0.05
      vertex 29.7744 -18.6723 -0.05
      vertex 29.8555 -17.9405 -0.05
    endloop
  endfacet
  facet normal -0.365361 -0.393287 0.843704
    outer loop
      vertex -20.1468 -37.2285 0.05
      vertex -0.05 2.17335 27.1197
      vertex -20.6862 -36.7274 0.05
    endloop
  endfacet
  facet normal 0.116227 -0.489198 0.864394
    outer loop
      vertex 0.05 0.213054 26.1026
      vertex 6.57304 -44.2711 0.05
      vertex 7.28941 -44.1009 0.05
    endloop
  endfacet
  facet normal -0.683535 -0.0448089 0.728541
    outer loop
      vertex -29.9187 -17.2069 0.05
      vertex -0.05 12.7931 29.9187
      vertex -0.05 13.528 29.9639
    endloop
  endfacet
  facet normal 0 0.585738 -0.8105
    outer loop
      vertex 0.05 32.871 -24.0962
      vertex 0.05 32.2742 -24.5275
      vertex -0.05 32.871 -24.0962
    endloop
  endfacet
  facet normal -0.736906 0.0634848 -0.673007
    outer loop
      vertex -29.8555 -12.0595 -0.05
      vertex -0.05 17.9405 -29.8555
      vertex -29.9187 -12.7931 -0.05
    endloop
  endfacet
  facet normal -0.978316 0.207118 0
    outer loop
      vertex -29.2711 -8.42696 -0.05
      vertex -29.4236 -9.14729 -0.05
      vertex -29.2711 -8.42696 0.05
    endloop
  endfacet
  facet normal 0.866431 0.49926 0.00610312
    outer loop
      vertex 0.05 44.991 0.736237
      vertex 26.1026 -0.213054 0.05
      vertex 0.05 45 0
    endloop
  endfacet
  facet normal -0 0.715746 0.698361
    outer loop
      vertex -0.05 36.7274 20.6862
      vertex -0.05 36.2132 21.2132
      vertex 0.05 36.7274 20.6862
    endloop
  endfacet
  facet normal -0.860994 0.472246 0.188871
    outer loop
      vertex -26.4576 -0.858098 0.05
      vertex -0.05 42.7164 11.4805
      vertex -0.05 42.9898 10.7969
    endloop
  endfacet
  facet normal 0.863947 0.486961 0.128311
    outer loop
      vertex 0.05 43.9133 8.00138
      vertex 26.1026 -0.213054 0.05
      vertex 0.05 44.1009 7.28941
    endloop
  endfacet
  facet normal 0.814279 0.2801 0.508422
    outer loop
      vertex 0.05 29.7869 26.1026
      vertex 28.4858 -5.58955 0.05
      vertex 28.2463 -4.8933 0.05
    endloop
  endfacet
  facet normal 0 0.0368057 -0.999322
    outer loop
      vertex -0.05 15.7362 -29.991
      vertex -0.05 16.472 -29.9639
      vertex 0.05 15.7362 -29.991
    endloop
  endfacet
  facet normal -0.74139 0.0739176 0.66699
    outer loop
      vertex -29.8555 -12.0595 0.05
      vertex -0.05 17.9405 29.8555
      vertex -0.05 18.6723 29.7744
    endloop
  endfacet
  facet normal -0.811121 0.269352 -0.519164
    outer loop
      vertex -0.05 28.4883 -26.7967
      vertex -28.4858 -5.58955 -0.05
      vertex -0.05 29.1419 -26.4576
    endloop
  endfacet
  facet normal -0.775684 0.160802 -0.610293
    outer loop
      vertex -0.05 22.2894 -29.1009
      vertex -29.4236 -9.14729 -0.05
      vertex -0.05 23.0014 -28.9133
    endloop
  endfacet
  facet normal -0.993915 0.110148 0
    outer loop
      vertex -29.7744 -11.3277 0.05
      vertex -29.7744 -11.3277 -0.05
      vertex -29.8555 -12.0595 0.05
    endloop
  endfacet
  facet normal 0.972918 0.231152 0
    outer loop
      vertex 29.1009 -7.71059 0.05
      vertex 29.2711 -8.42696 -0.05
      vertex 29.1009 -7.71059 -0.05
    endloop
  endfacet
  facet normal -0.999322 0.0368057 0
    outer loop
      vertex -29.9639 -13.528 -0.05
      vertex -29.991 -14.2638 -0.05
      vertex -29.9639 -13.528 0.05
    endloop
  endfacet
  facet normal 0 0.605527 -0.795824
    outer loop
      vertex -0.05 33.4569 -23.6504
      vertex 0.05 33.4569 -23.6504
      vertex -0.05 32.871 -24.0962
    endloop
  endfacet
  facet normal -0.909174 0.416416 0
    outer loop
      vertex -27.1197 -2.17335 -0.05
      vertex -27.4263 -2.84276 0.05
      vertex -27.1197 -2.17335 0.05
    endloop
  endfacet
  facet normal 0.639069 -0.118931 -0.759899
    outer loop
      vertex 29.4236 -20.8527 -0.05
      vertex 0.05 10.5981 -29.6753
      vertex 29.5583 -20.1289 -0.05
    endloop
  endfacet
  facet normal -0.639069 -0.118931 -0.759899
    outer loop
      vertex -29.5583 -20.1289 -0.05
      vertex -0.05 10.5981 -29.6753
      vertex -29.4236 -20.8527 -0.05
    endloop
  endfacet
  facet normal -0.0428996 -0.49794 -0.86615
    outer loop
      vertex -0.05 0.213054 -26.1026
      vertex -2.20694 -44.9187 -0.05
      vertex -2.94051 -44.8555 -0.05
    endloop
  endfacet
  facet normal -0.532149 -0.255731 -0.807105
    outer loop
      vertex -27.1197 -27.8267 -0.05
      vertex -0.05 6.29146 -28.7082
      vertex -0.05 5.58955 -28.4858
    endloop
  endfacet
  facet normal 0.649679 -0.102318 -0.753291
    outer loop
      vertex 29.6753 -19.4019 -0.05
      vertex 0.05 10.5981 -29.6753
      vertex 0.05 11.3277 -29.7744
    endloop
  endfacet
  facet normal -0.629545 -0.133285 -0.765447
    outer loop
      vertex -0.05 9.87114 -29.5583
      vertex -29.2711 -21.573 -0.05
      vertex -29.4236 -20.8527 -0.05
    endloop
  endfacet
  facet normal 0 -0.393998 0.919111
    outer loop
      vertex 0.05 2.84276 27.4263
      vertex -0.05 3.5195 27.7164
      vertex -0.05 2.84276 27.4263
    endloop
  endfacet
  facet normal 0.662457 -0.7491 0
    outer loop
      vertex 19.5952 -37.7163 -0.05
      vertex 20.1468 -37.2285 -0.05
      vertex 19.5952 -37.7163 0.05
    endloop
  endfacet
  facet normal -0.624844 -0.78075 -0
    outer loop
      vertex -18.4569 -38.6504 0.05
      vertex -19.0318 -38.1903 -0.05
      vertex -18.4569 -38.6504 -0.05
    endloop
  endfacet
  facet normal -0.0917474 -0.493032 -0.86516
    outer loop
      vertex -5.12886 -44.5583 -0.05
      vertex -5.85271 -44.4236 -0.05
      vertex -0.05 0.213054 -26.1026
    endloop
  endfacet
  facet normal -0.673007 -0.0634848 -0.736906
    outer loop
      vertex -0.05 12.7931 -29.9187
      vertex -0.05 12.0595 -29.8555
      vertex -29.8555 -17.9405 -0.05
    endloop
  endfacet
  facet normal 0.702765 -0.00859126 -0.71137
    outer loop
      vertex 29.991 -15.7362 -0.05
      vertex 0.05 15 -30
      vertex 30 -15 -0.05
    endloop
  endfacet
  facet normal 0.999925 -0.012224 0
    outer loop
      vertex 30 -15 -0.05
      vertex 29.991 -15.7362 0.05
      vertex 29.991 -15.7362 -0.05
    endloop
  endfacet
  facet normal 0.999925 -0.012224 0
    outer loop
      vertex 30 -15 0.05
      vertex 29.991 -15.7362 0.05
      vertex 30 -15 -0.05
    endloop
  endfacet
  facet normal 0.998114 -0.061389 0
    outer loop
      vertex 29.9639 -16.472 0.05
      vertex 29.9187 -17.2069 0.05
      vertex 29.9639 -16.472 -0.05
    endloop
  endfacet
  facet normal 0.673007 -0.0634848 0.736906
    outer loop
      vertex 29.8555 -17.9405 0.05
      vertex 0.05 12.7931 29.9187
      vertex 0.05 12.0595 29.8555
    endloop
  endfacet
  facet normal 0.636667 -0.122534 0.761342
    outer loop
      vertex 0.05 10.5981 29.6753
      vertex 0.05 9.87114 29.5583
      vertex 29.4236 -20.8527 0.05
    endloop
  endfacet
  facet normal 0.164708 -0.478823 0.862323
    outer loop
      vertex 0.05 0.213054 26.1026
      vertex 9.41045 -43.4858 0.05
      vertex 10.1067 -43.2463 0.05
    endloop
  endfacet
  facet normal 0.990901 -0.134592 0
    outer loop
      vertex 29.6753 -19.4019 0.05
      vertex 29.7744 -18.6723 -0.05
      vertex 29.7744 -18.6723 0.05
    endloop
  endfacet
  facet normal 0.66699 -0.0739176 0.74139
    outer loop
      vertex 29.8555 -17.9405 0.05
      vertex 0.05 12.0595 29.8555
      vertex 29.7744 -18.6723 0.05
    endloop
  endfacet
  facet normal -0.993915 -0.110148 0
    outer loop
      vertex -29.7744 -18.6723 -0.05
      vertex -29.7744 -18.6723 0.05
      vertex -29.8555 -17.9405 -0.05
    endloop
  endfacet
  facet normal 0.693435 -0.0265192 -0.720031
    outer loop
      vertex 29.9639 -16.472 -0.05
      vertex 0.05 13.528 -29.9639
      vertex 0.05 14.2638 -29.991
    endloop
  endfacet
  facet normal 0.990901 -0.134592 0
    outer loop
      vertex 29.6753 -19.4019 -0.05
      vertex 29.7744 -18.6723 -0.05
      vertex 29.6753 -19.4019 0.05
    endloop
  endfacet
  facet normal 0.65775 -0.0893408 -0.747919
    outer loop
      vertex 0.05 11.3277 -29.7744
      vertex 29.7744 -18.6723 -0.05
      vertex 29.6753 -19.4019 -0.05
    endloop
  endfacet
  facet normal -0.795824 -0.605527 0
    outer loop
      vertex -24.0962 -32.871 -0.05
      vertex -23.6504 -33.4569 -0.05
      vertex -24.0962 -32.871 0.05
    endloop
  endfacet
  facet normal -0.272405 -0.441996 -0.854655
    outer loop
      vertex -16.0499 -40.3456 -0.05
      vertex -0.05 1.51166 -26.7967
      vertex -15.4231 -40.7319 -0.05
    endloop
  endfacet
  facet normal 0.765447 0.133285 -0.629545
    outer loop
      vertex 0.05 20.8527 -29.4236
      vertex 0.05 21.573 -29.2711
      vertex 29.5583 -9.87114 -0.05
    endloop
  endfacet
  facet normal 0.990901 0.134592 0
    outer loop
      vertex 29.7744 -11.3277 0.05
      vertex 29.7744 -11.3277 -0.05
      vertex 29.6753 -10.5981 0.05
    endloop
  endfacet
  facet normal -0.799773 0.231961 0.553677
    outer loop
      vertex -28.9133 -6.99862 0.05
      vertex -0.05 26.4805 27.7164
      vertex -28.7082 -6.29146 0.05
    endloop
  endfacet
  facet normal 0.993915 0.110148 -0
    outer loop
      vertex 29.8555 -12.0595 -0.05
      vertex 29.7744 -11.3277 -0.05
      vertex 29.8555 -12.0595 0.05
    endloop
  endfacet
  facet normal -0.851052 0.425578 0.30756
    outer loop
      vertex -0.05 39.0962 17.871
      vertex -0.05 39.5275 17.2742
      vertex -26.7967 -1.51166 0.05
    endloop
  endfacet
  facet normal -0.861386 0.474064 0.182419
    outer loop
      vertex -26.4576 -0.858098 0.05
      vertex -0.05 42.9898 10.7969
      vertex -26.1026 -0.213054 0.05
    endloop
  endfacet
  facet normal -0.804502 0.247302 -0.540016
    outer loop
      vertex -0.05 27.1572 -27.4263
      vertex -28.7082 -6.29146 -0.05
      vertex -0.05 27.8267 -27.1197
    endloop
  endfacet
  facet normal 0.792287 0.208763 0.573324
    outer loop
      vertex 28.9133 -6.99862 0.05
      vertex 0.05 25.1067 28.2463
      vertex 29.1009 -7.71059 0.05
    endloop
  endfacet
  facet normal 0.784755 0.186447 -0.591099
    outer loop
      vertex 29.2711 -8.42696 -0.05
      vertex 0.05 23.7085 -28.7082
      vertex 29.1009 -7.71059 -0.05
    endloop
  endfacet
  facet normal -0.804502 0.247302 0.540016
    outer loop
      vertex -0.05 27.1572 27.4263
      vertex -0.05 27.8267 27.1197
      vertex -28.7082 -6.29146 0.05
    endloop
  endfacet
  facet normal 0 0.998114 -0.0613881
    outer loop
      vertex 0.05 44.9187 -2.20694
      vertex -0.05 44.9187 -2.20694
      vertex 0.05 44.9639 -1.47203
    endloop
  endfacet
  facet normal 0 0.966994 -0.254797
    outer loop
      vertex 0.05 43.9133 -8.00138
      vertex -0.05 44.1009 -7.28941
      vertex 0.05 44.1009 -7.28941
    endloop
  endfacet
  facet normal 0 0.624844 -0.78075
    outer loop
      vertex 0.05 34.0318 -23.1903
      vertex 0.05 33.4569 -23.6504
      vertex -0.05 34.0318 -23.1903
    endloop
  endfacet
  facet normal -0.876086 0.482154 0
    outer loop
      vertex -26.1026 -0.213054 0.05
      vertex -26.4576 -0.858098 -0.05
      vertex -26.4576 -0.858098 0.05
    endloop
  endfacet
  facet normal -0.838372 0.371004 -0.399361
    outer loop
      vertex -27.4263 -2.84276 -0.05
      vertex -0.05 35.6862 -21.7274
      vertex -0.05 35.1468 -22.2285
    endloop
  endfacet
  facet normal 0 0.928495 -0.371344
    outer loop
      vertex -0.05 42.7164 -11.4805
      vertex -0.05 42.9898 -10.7969
      vertex 0.05 42.7164 -11.4805
    endloop
  endfacet
  facet normal 0.693955 -0.0255588 -0.719564
    outer loop
      vertex 29.9639 -16.472 -0.05
      vertex 0.05 14.2638 -29.991
      vertex 29.991 -15.7362 -0.05
    endloop
  endfacet
  facet normal 0.71137 0.00859126 -0.702765
    outer loop
      vertex 30 -15 -0.05
      vertex 0.05 15 -30
      vertex 0.05 15.7362 -29.991
    endloop
  endfacet
  facet normal -0.825221 0.319574 -0.465706
    outer loop
      vertex -0.05 32.2742 -24.5275
      vertex -0.05 31.6671 -24.9441
      vertex -27.9898 -4.20315 -0.05
    endloop
  endfacet
  facet normal -0.84192 0.385612 -0.377457
    outer loop
      vertex -27.1197 -2.17335 -0.05
      vertex -0.05 36.2132 -21.2132
      vertex -27.4263 -2.84276 -0.05
    endloop
  endfacet
  facet normal -0.81998 0.300315 0.487283
    outer loop
      vertex -0.05 30.4231 25.7319
      vertex -0.05 31.0499 25.3456
      vertex -28.2463 -4.8933 0.05
    endloop
  endfacet
  facet normal 0.909174 0.416416 0
    outer loop
      vertex 27.1197 -2.17335 0.05
      vertex 27.4263 -2.84276 0.05
      vertex 27.1197 -2.17335 -0.05
    endloop
  endfacet
  facet normal -0.999322 0.0368057 0
    outer loop
      vertex -29.9639 -13.528 0.05
      vertex -29.991 -14.2638 -0.05
      vertex -29.991 -14.2638 0.05
    endloop
  endfacet
  facet normal 0 -0.012224 0.999925
    outer loop
      vertex 0.05 14.2638 29.991
      vertex -0.05 15 30
      vertex -0.05 14.2638 29.991
    endloop
  endfacet
  facet normal -0.734549 0.0582421 -0.676051
    outer loop
      vertex -29.9187 -12.7931 -0.05
      vertex -0.05 17.9405 -29.8555
      vertex -0.05 17.2069 -29.9187
    endloop
  endfacet
  facet normal 0.765447 0.133285 0.629545
    outer loop
      vertex 0.05 21.573 29.2711
      vertex 0.05 20.8527 29.4236
      vertex 29.5583 -9.87114 0.05
    endloop
  endfacet
  facet normal 0.990901 0.134592 0
    outer loop
      vertex 29.6753 -10.5981 0.05
      vertex 29.7744 -11.3277 -0.05
      vertex 29.6753 -10.5981 -0.05
    endloop
  endfacet
  facet normal 0 0.438718 -0.898625
    outer loop
      vertex -0.05 28.4883 -26.7967
      vertex 0.05 28.4883 -26.7967
      vertex -0.05 27.8267 -27.1197
    endloop
  endfacet
  facet normal -0.74139 0.0739176 -0.66699
    outer loop
      vertex -0.05 18.6723 -29.7744
      vertex -0.05 17.9405 -29.8555
      vertex -29.8555 -12.0595 -0.05
    endloop
  endfacet
  facet normal -0.998114 0.061389 0
    outer loop
      vertex -29.9639 -13.528 0.05
      vertex -29.9187 -12.7931 -0.05
      vertex -29.9639 -13.528 -0.05
    endloop
  endfacet
  facet normal -0.898648 0.43867 0
    outer loop
      vertex -26.7967 -1.51166 -0.05
      vertex -27.1197 -2.17335 0.05
      vertex -26.7967 -1.51166 0.05
    endloop
  endfacet
  facet normal 0.848345 0.413364 -0.33082
    outer loop
      vertex 0.05 38.1903 -19.0318
      vertex 0.05 38.6504 -18.4569
      vertex 27.1197 -2.17335 -0.05
    endloop
  endfacet
  facet normal -0.919111 0.393998 0
    outer loop
      vertex -27.7164 -3.5195 -0.05
      vertex -27.7164 -3.5195 0.05
      vertex -27.4263 -2.84276 -0.05
    endloop
  endfacet
  facet normal -0.832241 0.346423 -0.432859
    outer loop
      vertex -0.05 34.0318 -23.1903
      vertex -0.05 33.4569 -23.6504
      vertex -27.7164 -3.5195 -0.05
    endloop
  endfacet
  facet normal 0.807922 0.258532 -0.52955
    outer loop
      vertex 0.05 27.8267 -27.1197
      vertex 0.05 28.4883 -26.7967
      vertex 28.4858 -5.58955 -0.05
    endloop
  endfacet
  facet normal 0.945618 0.325279 0
    outer loop
      vertex 28.2463 -4.8933 0.05
      vertex 28.4858 -5.58955 0.05
      vertex 28.2463 -4.8933 -0.05
    endloop
  endfacet
  facet normal 0.822651 0.310025 -0.476581
    outer loop
      vertex 0.05 31.6671 -24.9441
      vertex 27.9898 -4.20315 -0.05
      vertex 0.05 31.0499 -25.3456
    endloop
  endfacet
  facet normal 0 0.698361 0.715746
    outer loop
      vertex 0.05 36.2132 21.2132
      vertex -0.05 36.2132 21.2132
      vertex 0.05 35.6862 21.7274
    endloop
  endfacet
  facet normal 0 -0.158899 0.987295
    outer loop
      vertex -0.05 9.87114 29.5583
      vertex 0.05 9.87114 29.5583
      vertex -0.05 10.5981 29.6753
    endloop
  endfacet
  facet normal -0 -0.0368057 -0.999322
    outer loop
      vertex 0.05 14.2638 -29.991
      vertex -0.05 13.528 -29.9639
      vertex -0.05 14.2638 -29.991
    endloop
  endfacet
  facet normal -0.998114 -0.061389 -0
    outer loop
      vertex -29.9187 -17.2069 0.05
      vertex -29.9639 -16.472 0.05
      vertex -29.9187 -17.2069 -0.05
    endloop
  endfacet
  facet normal -0.619914 -0.147277 -0.770725
    outer loop
      vertex -29.2711 -21.573 -0.05
      vertex -0.05 9.14729 -29.4236
      vertex -29.1009 -22.2894 -0.05
    endloop
  endfacet
  facet normal 0.99631 -0.0858326 0
    outer loop
      vertex 29.8555 -17.9405 -0.05
      vertex 29.9187 -17.2069 0.05
      vertex 29.8555 -17.9405 0.05
    endloop
  endfacet
  facet normal -0.66699 -0.0739176 0.74139
    outer loop
      vertex -29.8555 -17.9405 0.05
      vertex -29.7744 -18.6723 0.05
      vertex -0.05 12.0595 29.8555
    endloop
  endfacet
  facet normal -0.953303 -0.302015 0
    outer loop
      vertex -28.7082 -23.7085 0.05
      vertex -28.4858 -24.4105 -0.05
      vertex -28.4858 -24.4105 0.05
    endloop
  endfacet
  facet normal -0.928495 -0.371344 -0
    outer loop
      vertex -27.7164 -26.4805 0.05
      vertex -27.9898 -25.7969 0.05
      vertex -27.7164 -26.4805 -0.05
    endloop
  endfacet
  facet normal 0 -0.348376 0.937355
    outer loop
      vertex -0.05 4.8933 28.2463
      vertex 0.05 4.20315 27.9898
      vertex 0.05 4.8933 28.2463
    endloop
  endfacet
  facet normal 0.553677 -0.231961 -0.799773
    outer loop
      vertex 27.7164 -26.4805 -0.05
      vertex 0.05 6.29146 -28.7082
      vertex 0.05 6.99862 -28.9133
    endloop
  endfacet
  facet normal 0.348354 -0.937363 0
    outer loop
      vertex 10.7969 -42.9898 -0.05
      vertex 10.7969 -42.9898 0.05
      vertex 10.1067 -43.2463 -0.05
    endloop
  endfacet
  facet normal 0.0917474 -0.493032 -0.86516
    outer loop
      vertex 5.12886 -44.5583 -0.05
      vertex 0.05 0.213054 -26.1026
      vertex 5.85271 -44.4236 -0.05
    endloop
  endfacet
  facet normal 0 -0.499264 0.86645
    outer loop
      vertex 0.05 0.213054 26.1026
      vertex -0.05 0.213054 26.1026
      vertex 0 -45 0.05
    endloop
  endfacet
  facet normal 0.765207 -0.643784 0
    outer loop
      vertex 23.1903 -34.0318 -0.05
      vertex 22.7163 -34.5952 0.05
      vertex 22.7163 -34.5952 -0.05
    endloop
  endfacet
  facet normal -0.570642 -0.212069 -0.793344
    outer loop
      vertex -28.2463 -25.1067 -0.05
      vertex -0.05 6.99862 -28.9133
      vertex -27.9898 -25.7969 -0.05
    endloop
  endfacet
  facet normal 0 -0.182948 0.983123
    outer loop
      vertex 0.05 9.87114 29.5583
      vertex -0.05 9.14729 29.4236
      vertex 0.05 9.14729 29.4236
    endloop
  endfacet
  facet normal -0.715746 -0.698361 0
    outer loop
      vertex -21.7274 -35.6862 0.05
      vertex -21.2132 -36.2132 -0.05
      vertex -21.2132 -36.2132 0.05
    endloop
  endfacet
  facet normal -0.00610312 -0.49926 0.866431
    outer loop
      vertex -0.05 0.213054 26.1026
      vertex -0.736237 -44.991 0.05
      vertex 0 -45 0.05
    endloop
  endfacet
  facet normal 0.639069 -0.118931 0.759899
    outer loop
      vertex 29.4236 -20.8527 0.05
      vertex 29.5583 -20.1289 0.05
      vertex 0.05 10.5981 29.6753
    endloop
  endfacet
  facet normal -0.622746 -0.143143 -0.769218
    outer loop
      vertex -0.05 9.87114 -29.5583
      vertex -0.05 9.14729 -29.4236
      vertex -29.2711 -21.573 -0.05
    endloop
  endfacet
  facet normal 0.99631 -0.0858326 0
    outer loop
      vertex 29.9187 -17.2069 -0.05
      vertex 29.9187 -17.2069 0.05
      vertex 29.8555 -17.9405 -0.05
    endloop
  endfacet
  facet normal 0.998114 -0.061389 0
    outer loop
      vertex 29.9639 -16.472 -0.05
      vertex 29.9187 -17.2069 0.05
      vertex 29.9187 -17.2069 -0.05
    endloop
  endfacet
  facet normal 0.278554 -0.960421 0
    outer loop
      vertex 8.70854 -43.7082 0.05
      vertex 8.00138 -43.9133 -0.05
      vertex 8.70854 -43.7082 -0.05
    endloop
  endfacet
  facet normal 0.236787 -0.456397 -0.857691
    outer loop
      vertex 0.05 0.858098 -26.4576
      vertex 14.1419 -41.4576 -0.05
      vertex 13.4883 -41.7967 -0.05
    endloop
  endfacet
  facet normal -0.248687 -0.451839 -0.856736
    outer loop
      vertex -14.1419 -41.4576 -0.05
      vertex -14.7869 -41.1026 -0.05
      vertex -0.05 0.858098 -26.4576
    endloop
  endfacet
  facet normal 0.207118 -0.978316 0
    outer loop
      vertex 6.57304 -44.2711 0.05
      vertex 5.85271 -44.4236 0.05
      vertex 6.57304 -44.2711 -0.05
    endloop
  endfacet
  facet normal 0.661787 -0.0825773 0.74513
    outer loop
      vertex 0.05 12.0595 29.8555
      vertex 0.05 11.3277 29.7744
      vertex 29.7744 -18.6723 0.05
    endloop
  endfacet
  facet normal 0.99631 0.0858326 0
    outer loop
      vertex 29.8555 -12.0595 -0.05
      vertex 29.9187 -12.7931 0.05
      vertex 29.9187 -12.7931 -0.05
    endloop
  endfacet
  facet normal 0.769218 0.143143 0.622746
    outer loop
      vertex 29.4236 -9.14729 0.05
      vertex 0.05 21.573 29.2711
      vertex 29.5583 -9.87114 0.05
    endloop
  endfacet
  facet normal 0.74513 0.0825773 0.661787
    outer loop
      vertex 29.7744 -11.3277 0.05
      vertex 0.05 18.6723 29.7744
      vertex 29.8555 -12.0595 0.05
    endloop
  endfacet
  facet normal 0.855733 0.447061 0.260493
    outer loop
      vertex 26.4576 -0.858098 0.05
      vertex 0.05 41.1026 14.7869
      vertex 0.05 40.7319 15.4231
    endloop
  endfacet
  facet normal -0.8648 0.491229 0.103997
    outer loop
      vertex -0.05 44.2711 6.57304
      vertex -0.05 44.4236 5.85271
      vertex -26.1026 -0.213054 0.05
    endloop
  endfacet
  facet normal 0 0.795824 0.605527
    outer loop
      vertex 0.05 38.6504 18.4569
      vertex 0.05 39.0962 17.871
      vertex -0.05 38.6504 18.4569
    endloop
  endfacet
  facet normal 0 0.876072 0.482179
    outer loop
      vertex 0.05 41.4576 14.1419
      vertex -0.05 41.4576 14.1419
      vertex 0.05 41.1026 14.7869
    endloop
  endfacet
  facet normal 0 0.765207 0.643784
    outer loop
      vertex 0.05 37.7163 19.5952
      vertex -0.05 38.1903 19.0318
      vertex -0.05 37.7163 19.5952
    endloop
  endfacet
  facet normal 0.861386 0.474064 -0.182419
    outer loop
      vertex 26.4576 -0.858098 -0.05
      vertex 0.05 42.9898 -10.7969
      vertex 26.1026 -0.213054 -0.05
    endloop
  endfacet
  facet normal -0.86615 0.49794 -0.0428996
    outer loop
      vertex -26.1026 -0.213054 -0.05
      vertex -0.05 44.9187 -2.20694
      vertex -0.05 44.8555 -2.94051
    endloop
  endfacet
  facet normal 0 0.983123 -0.182948
    outer loop
      vertex -0.05 44.5583 -5.12886
      vertex 0.05 44.5583 -5.12886
      vertex -0.05 44.4236 -5.85271
    endloop
  endfacet
  facet normal -0.860244 0.468635 -0.200903
    outer loop
      vertex -0.05 42.4263 -12.1572
      vertex -26.4576 -0.858098 -0.05
      vertex -0.05 42.7164 -11.4805
    endloop
  endfacet
  facet normal 0.862908 0.481756 -0.152644
    outer loop
      vertex 0.05 43.4858 -9.41045
      vertex 0.05 43.7082 -8.70854
      vertex 26.1026 -0.213054 -0.05
    endloop
  endfacet
  facet normal 0 0.898625 -0.438718
    outer loop
      vertex 0.05 41.7967 -13.4883
      vertex -0.05 42.1197 -12.8267
      vertex 0.05 42.1197 -12.8267
    endloop
  endfacet
  facet normal -0.865743 0.495935 -0.0673627
    outer loop
      vertex -26.1026 -0.213054 -0.05
      vertex -0.05 44.7744 -3.67232
      vertex -0.05 44.6753 -4.40191
    endloop
  endfacet
  facet normal 0.848547 0.414213 -0.329234
    outer loop
      vertex 27.1197 -2.17335 -0.05
      vertex 0.05 38.6504 -18.4569
      vertex 26.7967 -1.51166 -0.05
    endloop
  endfacet
  facet normal 0 0.851308 -0.524666
    outer loop
      vertex 0.05 40.3456 -16.0499
      vertex -0.05 40.3456 -16.0499
      vertex 0.05 40.7319 -15.4231
    endloop
  endfacet
  facet normal -0.983123 0.182948 0
    outer loop
      vertex -29.5583 -9.87114 0.05
      vertex -29.4236 -9.14729 -0.05
      vertex -29.5583 -9.87114 -0.05
    endloop
  endfacet
  facet normal 0.720031 0.0265192 -0.693435
    outer loop
      vertex 0.05 16.472 -29.9639
      vertex 29.9639 -13.528 -0.05
      vertex 29.991 -14.2638 -0.05
    endloop
  endfacet
  facet normal 0 0.482179 -0.876072
    outer loop
      vertex -0.05 29.1419 -26.4576
      vertex -0.05 29.7869 -26.1026
      vertex 0.05 29.1419 -26.4576
    endloop
  endfacet
  facet normal -0.81998 0.300315 -0.487283
    outer loop
      vertex -28.2463 -4.8933 -0.05
      vertex -0.05 31.0499 -25.3456
      vertex -0.05 30.4231 -25.7319
    endloop
  endfacet
  facet normal 0.909174 0.416416 0
    outer loop
      vertex 27.1197 -2.17335 -0.05
      vertex 27.4263 -2.84276 0.05
      vertex 27.4263 -2.84276 -0.05
    endloop
  endfacet
  facet normal 0 0.698361 -0.715746
    outer loop
      vertex 0.05 36.2132 -21.2132
      vertex 0.05 35.6862 -21.7274
      vertex -0.05 36.2132 -21.2132
    endloop
  endfacet
  facet normal -0.793344 0.212069 0.570642
    outer loop
      vertex -0.05 25.1067 28.2463
      vertex -0.05 25.7969 27.9898
      vertex -28.9133 -6.99862 0.05
    endloop
  endfacet
  facet normal 0 0.302015 -0.953303
    outer loop
      vertex -0.05 23.7085 -28.7082
      vertex 0.05 24.4105 -28.4858
      vertex 0.05 23.7085 -28.7082
    endloop
  endfacet
  facet normal -0.728541 0.0448089 -0.683535
    outer loop
      vertex -29.9639 -13.528 -0.05
      vertex -29.9187 -12.7931 -0.05
      vertex -0.05 17.2069 -29.9187
    endloop
  endfacet
  facet normal -0.728541 0.0448089 0.683535
    outer loop
      vertex -0.05 17.2069 29.9187
      vertex -29.9187 -12.7931 0.05
      vertex -29.9639 -13.528 0.05
    endloop
  endfacet
  facet normal -0.761342 0.122534 -0.636667
    outer loop
      vertex -29.5583 -9.87114 -0.05
      vertex -0.05 20.8527 -29.4236
      vertex -29.6753 -10.5981 -0.05
    endloop
  endfacet
  facet normal -0.770725 0.147277 -0.619914
    outer loop
      vertex -0.05 21.573 -29.2711
      vertex -29.4236 -9.14729 -0.05
      vertex -0.05 22.2894 -29.1009
    endloop
  endfacet
  facet normal 0 0.18296 -0.98312
    outer loop
      vertex -0.05 20.8527 -29.4236
      vertex 0.05 20.1289 -29.5583
      vertex -0.05 20.1289 -29.5583
    endloop
  endfacet
  facet normal 0 0.134592 0.990901
    outer loop
      vertex 0.05 19.4019 29.6753
      vertex -0.05 19.4019 29.6753
      vertex 0.05 18.6723 29.7744
    endloop
  endfacet
  facet normal 0.842029 0.386096 -0.376719
    outer loop
      vertex 0.05 36.2132 -21.2132
      vertex 0.05 36.7274 -20.6862
      vertex 27.1197 -2.17335 -0.05
    endloop
  endfacet
  facet normal -0.84192 0.385612 0.377457
    outer loop
      vertex -27.4263 -2.84276 0.05
      vertex -0.05 36.2132 21.2132
      vertex -27.1197 -2.17335 0.05
    endloop
  endfacet
  facet normal 0 0.605527 0.795824
    outer loop
      vertex 0.05 32.871 24.0962
      vertex 0.05 33.4569 23.6504
      vertex -0.05 32.871 24.0962
    endloop
  endfacet
  facet normal -0.898648 0.43867 0
    outer loop
      vertex -27.1197 -2.17335 -0.05
      vertex -27.1197 -2.17335 0.05
      vertex -26.7967 -1.51166 -0.05
    endloop
  endfacet
  facet normal -0.834387 0.35484 -0.421766
    outer loop
      vertex -27.7164 -3.5195 -0.05
      vertex -0.05 34.5952 -22.7163
      vertex -0.05 34.0318 -23.1903
    endloop
  endfacet
  facet normal 0 0.643784 -0.765207
    outer loop
      vertex -0.05 34.0318 -23.1903
      vertex 0.05 34.5952 -22.7163
      vertex 0.05 34.0318 -23.1903
    endloop
  endfacet
  facet normal 0.832241 0.346423 -0.432859
    outer loop
      vertex 27.7164 -3.5195 -0.05
      vertex 0.05 33.4569 -23.6504
      vertex 0.05 34.0318 -23.1903
    endloop
  endfacet
  facet normal 0 0.565808 -0.824537
    outer loop
      vertex -0.05 31.6671 -24.9441
      vertex 0.05 32.2742 -24.5275
      vertex 0.05 31.6671 -24.9441
    endloop
  endfacet
  facet normal 0.81998 0.300315 -0.487283
    outer loop
      vertex 28.2463 -4.8933 -0.05
      vertex 0.05 30.4231 -25.7319
      vertex 0.05 31.0499 -25.3456
    endloop
  endfacet
  facet normal -0.928505 0.37132 0
    outer loop
      vertex -27.9898 -4.20315 -0.05
      vertex -27.9898 -4.20315 0.05
      vertex -27.7164 -3.5195 -0.05
    endloop
  endfacet
  facet normal 0 0.348354 -0.937363
    outer loop
      vertex -0.05 25.1067 -28.2463
      vertex 0.05 25.7969 -27.9898
      vertex 0.05 25.1067 -28.2463
    endloop
  endfacet
  facet normal -0.807922 0.258532 -0.52955
    outer loop
      vertex -0.05 27.8267 -27.1197
      vertex -28.4858 -5.58955 -0.05
      vertex -0.05 28.4883 -26.7967
    endloop
  endfacet
  facet normal -0 0.680618 0.732639
    outer loop
      vertex -0.05 35.1468 22.2285
      vertex 0.05 35.1468 22.2285
      vertex -0.05 35.6862 21.7274
    endloop
  endfacet
  facet normal -0.835215 0.358034 0.417406
    outer loop
      vertex -27.7164 -3.5195 0.05
      vertex -0.05 34.5952 22.7163
      vertex -27.4263 -2.84276 0.05
    endloop
  endfacet
  facet normal -0.693955 -0.0255588 -0.719564
    outer loop
      vertex -29.9639 -16.472 -0.05
      vertex -29.991 -15.7362 -0.05
      vertex -0.05 14.2638 -29.991
    endloop
  endfacet
  facet normal -0.711424 0.00869711 0.702709
    outer loop
      vertex -30 -15 0.05
      vertex -0.05 15.7362 29.991
      vertex -29.991 -14.2638 0.05
    endloop
  endfacet
  facet normal -0.693435 -0.0265192 0.720031
    outer loop
      vertex -0.05 14.2638 29.991
      vertex -29.9639 -16.472 0.05
      vertex -0.05 13.528 29.9639
    endloop
  endfacet
  facet normal -0.649679 -0.102318 0.753291
    outer loop
      vertex -0.05 11.3277 29.7744
      vertex -29.6753 -19.4019 0.05
      vertex -0.05 10.5981 29.6753
    endloop
  endfacet
  facet normal 0 -0.30205 -0.953292
    outer loop
      vertex 0.05 5.58955 -28.4858
      vertex -0.05 6.29146 -28.7082
      vertex 0.05 6.29146 -28.7082
    endloop
  endfacet
  facet normal -0.636667 -0.122534 -0.761342
    outer loop
      vertex -0.05 10.5981 -29.6753
      vertex -0.05 9.87114 -29.5583
      vertex -29.4236 -20.8527 -0.05
    endloop
  endfacet
  facet normal 0 0.061389 0.998114
    outer loop
      vertex 0.05 16.472 29.9639
      vertex 0.05 17.2069 29.9187
      vertex -0.05 16.472 29.9639
    endloop
  endfacet
  facet normal 0.728541 0.0448089 0.683535
    outer loop
      vertex 29.9187 -12.7931 0.05
      vertex 0.05 17.2069 29.9187
      vertex 29.9639 -13.528 0.05
    endloop
  endfacet
  facet normal 0 -0.158899 0.987295
    outer loop
      vertex -0.05 10.5981 29.6753
      vertex 0.05 9.87114 29.5583
      vertex 0.05 10.5981 29.6753
    endloop
  endfacet
  facet normal -0.960414 -0.278576 -0
    outer loop
      vertex -28.7082 -23.7085 0.05
      vertex -28.9133 -23.0014 -0.05
      vertex -28.7082 -23.7085 -0.05
    endloop
  endfacet
  facet normal 0.987296 -0.158891 0
    outer loop
      vertex 29.6753 -19.4019 0.05
      vertex 29.5583 -20.1289 0.05
      vertex 29.6753 -19.4019 -0.05
    endloop
  endfacet
  facet normal -0.702765 -0.00859126 0.71137
    outer loop
      vertex -29.991 -15.7362 0.05
      vertex -0.05 15 30
      vertex -30 -15 0.05
    endloop
  endfacet
  facet normal 0 -0.325279 0.945618
    outer loop
      vertex 0.05 4.8933 28.2463
      vertex -0.05 5.58955 28.4858
      vertex -0.05 4.8933 28.2463
    endloop
  endfacet
  facet normal -0.532149 -0.255731 0.807105
    outer loop
      vertex -27.1197 -27.8267 0.05
      vertex -0.05 5.58955 28.4858
      vertex -0.05 6.29146 28.7082
    endloop
  endfacet
  facet normal 0.573324 -0.208763 0.792287
    outer loop
      vertex 0.05 7.71059 29.1009
      vertex 0.05 6.99862 28.9133
      vertex 28.2463 -25.1067 0.05
    endloop
  endfacet
  facet normal 0 -0.182948 0.983123
    outer loop
      vertex -0.05 9.87114 29.5583
      vertex -0.05 9.14729 29.4236
      vertex 0.05 9.87114 29.5583
    endloop
  endfacet
  facet normal -0.329234 -0.414213 -0.848547
    outer loop
      vertex -0.05 2.17335 -27.1197
      vertex -0.05 1.51166 -26.7967
      vertex -18.4569 -38.6504 -0.05
    endloop
  endfacet
  facet normal -0.410558 -0.363071 0.836434
    outer loop
      vertex -22.7163 -34.5952 0.05
      vertex -22.2285 -35.1468 0.05
      vertex -0.05 2.84276 27.4263
    endloop
  endfacet
  facet normal -0.49806 -0.290209 0.817138
    outer loop
      vertex -0.05 4.8933 28.2463
      vertex -26.1026 -29.7869 0.05
      vertex -25.7319 -30.4231 0.05
    endloop
  endfacet
  facet normal -0.876072 -0.482179 0
    outer loop
      vertex -26.4576 -29.1419 -0.05
      vertex -26.1026 -29.7869 0.05
      vertex -26.4576 -29.1419 0.05
    endloop
  endfacet
  facet normal -0.272405 -0.441996 0.854655
    outer loop
      vertex -16.0499 -40.3456 0.05
      vertex -15.4231 -40.7319 0.05
      vertex -0.05 1.51166 26.7967
    endloop
  endfacet
  facet normal 0.329234 -0.414213 -0.848547
    outer loop
      vertex 18.4569 -38.6504 -0.05
      vertex 0.05 1.51166 -26.7967
      vertex 0.05 2.17335 -27.1197
    endloop
  endfacet
  facet normal -0.0122234 -0.999925 -0
    outer loop
      vertex -0.736237 -44.991 0.05
      vertex -0.736237 -44.991 -0.05
      vertex 0 -45 0.05
    endloop
  endfacet
  facet normal -0.0368061 -0.999322 0
    outer loop
      vertex -1.47203 -44.9639 -0.05
      vertex -0.736237 -44.991 -0.05
      vertex -1.47203 -44.9639 0.05
    endloop
  endfacet
  facet normal -0.319248 -0.419576 0.849727
    outer loop
      vertex -18.4569 -38.6504 0.05
      vertex -17.871 -39.0962 0.05
      vertex -0.05 1.51166 26.7967
    endloop
  endfacet
  facet normal -0 -0.482154 -0.876086
    outer loop
      vertex 0.05 0.858098 -26.4576
      vertex 0.05 0.213054 -26.1026
      vertex -0.05 0.858098 -26.4576
    endloop
  endfacet
  facet normal -0.560484 -0.224161 -0.797251
    outer loop
      vertex -27.9898 -25.7969 -0.05
      vertex -0.05 6.99862 -28.9133
      vertex -27.7164 -26.4805 -0.05
    endloop
  endfacet
  facet normal 0.591099 -0.186447 0.784755
    outer loop
      vertex 0.05 7.71059 29.1009
      vertex 28.7082 -23.7085 0.05
      vertex 0.05 8.42696 29.2711
    endloop
  endfacet
  facet normal 0.876072 -0.482179 0
    outer loop
      vertex 26.4576 -29.1419 0.05
      vertex 26.1026 -29.7869 -0.05
      vertex 26.4576 -29.1419 -0.05
    endloop
  endfacet
  facet normal 0.864025 -0.503449 0
    outer loop
      vertex 25.7319 -30.4231 0.05
      vertex 26.1026 -29.7869 -0.05
      vertex 26.1026 -29.7869 0.05
    endloop
  endfacet
  facet normal -0.164708 -0.478823 -0.862323
    outer loop
      vertex -0.05 0.213054 -26.1026
      vertex -9.41045 -43.4858 -0.05
      vertex -10.1067 -43.2463 -0.05
    endloop
  endfacet
  facet normal -0.152644 -0.481756 0.862908
    outer loop
      vertex -0.05 0.213054 26.1026
      vertex -9.41045 -43.4858 0.05
      vertex -8.70854 -43.7082 0.05
    endloop
  endfacet
  facet normal -0.207118 -0.978316 0
    outer loop
      vertex -5.85271 -44.4236 -0.05
      vertex -5.85271 -44.4236 0.05
      vertex -6.57304 -44.2711 -0.05
    endloop
  endfacet
  facet normal -0.524666 -0.851308 -0
    outer loop
      vertex -16.0499 -40.3456 0.05
      vertex -16.0499 -40.3456 -0.05
      vertex -15.4231 -40.7319 0.05
    endloop
  endfacet
  facet normal -0.110147 -0.993915 -0
    outer loop
      vertex -2.94051 -44.8555 0.05
      vertex -3.67232 -44.7744 -0.05
      vertex -2.94051 -44.8555 -0.05
    endloop
  endfacet
  facet normal -0.0613881 -0.998114 -0
    outer loop
      vertex -1.47203 -44.9639 0.05
      vertex -2.20694 -44.9187 0.05
      vertex -1.47203 -44.9639 -0.05
    endloop
  endfacet
  facet normal 0.416369 -0.909196 0
    outer loop
      vertex 12.8267 -42.1197 0.05
      vertex 12.1572 -42.4263 -0.05
      vertex 12.8267 -42.1197 -0.05
    endloop
  endfacet
  facet normal 0.224915 -0.460693 0.858589
    outer loop
      vertex 0.05 0.858098 26.4576
      vertex 12.8267 -42.1197 0.05
      vertex 13.4883 -41.7967 0.05
    endloop
  endfacet
  facet normal 0.272405 -0.441996 -0.854655
    outer loop
      vertex 15.4231 -40.7319 -0.05
      vertex 0.05 1.51166 -26.7967
      vertex 16.0499 -40.3456 -0.05
    endloop
  endfacet
  facet normal -0.376719 -0.386096 -0.842029
    outer loop
      vertex -21.2132 -36.2132 -0.05
      vertex -0.05 2.17335 -27.1197
      vertex -20.6862 -36.7274 -0.05
    endloop
  endfacet
  facet normal -0.188871 -0.472246 -0.860994
    outer loop
      vertex -0.05 0.858098 -26.4576
      vertex -10.7969 -42.9898 -0.05
      vertex -11.4805 -42.7164 -0.05
    endloop
  endfacet
  facet normal -0.128311 -0.486961 -0.863947
    outer loop
      vertex -0.05 0.213054 -26.1026
      vertex -7.28941 -44.1009 -0.05
      vertex -8.00138 -43.9133 -0.05
    endloop
  endfacet
  facet normal -0.72729 0.0421331 0.685036
    outer loop
      vertex -29.9639 -13.528 0.05
      vertex -0.05 16.472 29.9639
      vertex -0.05 17.2069 29.9187
    endloop
  endfacet
  facet normal 0.99631 0.0858326 0
    outer loop
      vertex 29.8555 -12.0595 0.05
      vertex 29.9187 -12.7931 0.05
      vertex 29.8555 -12.0595 -0.05
    endloop
  endfacet
  facet normal 0.983123 0.182948 0
    outer loop
      vertex 29.4236 -9.14729 0.05
      vertex 29.5583 -9.87114 -0.05
      vertex 29.4236 -9.14729 -0.05
    endloop
  endfacet
  facet normal -0 0.18296 0.98312
    outer loop
      vertex -0.05 20.1289 29.5583
      vertex 0.05 20.1289 29.5583
      vertex -0.05 20.8527 29.4236
    endloop
  endfacet
  facet normal 0.775684 0.160802 0.610293
    outer loop
      vertex 29.4236 -9.14729 0.05
      vertex 0.05 23.0014 28.9133
      vertex 0.05 22.2894 29.1009
    endloop
  endfacet
  facet normal -0.784755 0.186447 0.591099
    outer loop
      vertex -0.05 23.7085 28.7082
      vertex -29.1009 -7.71059 0.05
      vertex -29.2711 -8.42696 0.05
    endloop
  endfacet
  facet normal 0 0.231143 0.97292
    outer loop
      vertex 0.05 22.2894 29.1009
      vertex -0.05 22.2894 29.1009
      vertex 0.05 21.573 29.2711
    endloop
  endfacet
  facet normal 0 0.231143 -0.97292
    outer loop
      vertex 0.05 22.2894 -29.1009
      vertex 0.05 21.573 -29.2711
      vertex -0.05 22.2894 -29.1009
    endloop
  endfacet
  facet normal -0.866381 0.499045 0.0183803
    outer loop
      vertex -0.05 44.9639 1.47203
      vertex -0.05 44.991 0.736237
      vertex -26.1026 -0.213054 0.05
    endloop
  endfacet
  facet normal -0.86615 0.49794 0.0428996
    outer loop
      vertex -0.05 44.8555 2.94051
      vertex -0.05 44.9187 2.20694
      vertex -26.1026 -0.213054 0.05
    endloop
  endfacet
  facet normal 0.8648 0.491229 0.103997
    outer loop
      vertex 26.1026 -0.213054 0.05
      vertex 0.05 44.4236 5.85271
      vertex 0.05 44.2711 6.57304
    endloop
  endfacet
  facet normal 0 0.966994 0.254797
    outer loop
      vertex 0.05 44.1009 7.28941
      vertex -0.05 44.1009 7.28941
      vertex 0.05 43.9133 8.00138
    endloop
  endfacet
  facet normal 0 0.78075 0.624844
    outer loop
      vertex 0.05 38.1903 19.0318
      vertex 0.05 38.6504 18.4569
      vertex -0.05 38.1903 19.0318
    endloop
  endfacet
  facet normal -0.909174 0.416416 0
    outer loop
      vertex -27.4263 -2.84276 -0.05
      vertex -27.4263 -2.84276 0.05
      vertex -27.1197 -2.17335 -0.05
    endloop
  endfacet
  facet normal -0.843704 0.393287 0.365361
    outer loop
      vertex -0.05 36.7274 20.6862
      vertex -0.05 37.2285 20.1468
      vertex -27.1197 -2.17335 0.05
    endloop
  endfacet
  facet normal 0 0.7491 0.662457
    outer loop
      vertex -0.05 37.2285 20.1468
      vertex 0.05 37.7163 19.5952
      vertex -0.05 37.7163 19.5952
    endloop
  endfacet
  facet normal 0.887635 0.460548 0
    outer loop
      vertex 26.7967 -1.51166 0.05
      vertex 26.4576 -0.858098 -0.05
      vertex 26.4576 -0.858098 0.05
    endloop
  endfacet
  facet normal 0.887635 0.460548 -0
    outer loop
      vertex 26.7967 -1.51166 -0.05
      vertex 26.4576 -0.858098 -0.05
      vertex 26.7967 -1.51166 0.05
    endloop
  endfacet
  facet normal 0.861689 0.475652 0.176767
    outer loop
      vertex 0.05 43.2463 10.1067
      vertex 0.05 42.9898 10.7969
      vertex 26.1026 -0.213054 0.05
    endloop
  endfacet
  facet normal 0 0.978316 0.207118
    outer loop
      vertex 0.05 44.2711 6.57304
      vertex 0.05 44.4236 5.85271
      vertex -0.05 44.2711 6.57304
    endloop
  endfacet
  facet normal 0.855025 0.443629 0.268562
    outer loop
      vertex 26.4576 -0.858098 0.05
      vertex 0.05 40.7319 15.4231
      vertex 26.7967 -1.51166 0.05
    endloop
  endfacet
  facet normal -0.860244 0.468635 0.200903
    outer loop
      vertex -0.05 42.4263 12.1572
      vertex -0.05 42.7164 11.4805
      vertex -26.4576 -0.858098 0.05
    endloop
  endfacet
  facet normal -0.861386 0.474064 -0.182419
    outer loop
      vertex -26.1026 -0.213054 -0.05
      vertex -0.05 42.9898 -10.7969
      vertex -26.4576 -0.858098 -0.05
    endloop
  endfacet
  facet normal -0.876086 0.482154 0
    outer loop
      vertex -26.1026 -0.213054 -0.05
      vertex -26.4576 -0.858098 -0.05
      vertex -26.1026 -0.213054 0.05
    endloop
  endfacet
  facet normal 0 0.996309 -0.085836
    outer loop
      vertex -0.05 44.8555 -2.94051
      vertex -0.05 44.9187 -2.20694
      vertex 0.05 44.8555 -2.94051
    endloop
  endfacet
  facet normal 0.86615 0.49794 -0.0428996
    outer loop
      vertex 0.05 44.8555 -2.94051
      vertex 0.05 44.9187 -2.20694
      vertex 26.1026 -0.213054 -0.05
    endloop
  endfacet
  facet normal -0.855733 0.447061 -0.260493
    outer loop
      vertex -26.4576 -0.858098 -0.05
      vertex -0.05 41.1026 -14.7869
      vertex -0.05 40.7319 -15.4231
    endloop
  endfacet
  facet normal 0.860244 0.468635 -0.200903
    outer loop
      vertex 26.4576 -0.858098 -0.05
      vertex 0.05 42.4263 -12.1572
      vertex 0.05 42.7164 -11.4805
    endloop
  endfacet
  facet normal 0.86345 0.484469 -0.140512
    outer loop
      vertex 0.05 43.7082 -8.70854
      vertex 0.05 43.9133 -8.00138
      vertex 26.1026 -0.213054 -0.05
    endloop
  endfacet
  facet normal 0 0.966994 -0.254797
    outer loop
      vertex -0.05 43.9133 -8.00138
      vertex -0.05 44.1009 -7.28941
      vertex 0.05 43.9133 -8.00138
    endloop
  endfacet
  facet normal 0 0.680618 -0.732639
    outer loop
      vertex -0.05 35.6862 -21.7274
      vertex 0.05 35.6862 -21.7274
      vertex -0.05 35.1468 -22.2285
    endloop
  endfacet
  facet normal -0.840235 0.378667 -0.388094
    outer loop
      vertex -0.05 36.2132 -21.2132
      vertex -0.05 35.6862 -21.7274
      vertex -27.4263 -2.84276 -0.05
    endloop
  endfacet
  facet normal -0.72729 0.0421331 -0.685036
    outer loop
      vertex -0.05 17.2069 -29.9187
      vertex -0.05 16.472 -29.9639
      vertex -29.9639 -13.528 -0.05
    endloop
  endfacet
  facet normal 0.719564 0.0255588 -0.693955
    outer loop
      vertex 29.991 -14.2638 -0.05
      vertex 0.05 15.7362 -29.991
      vertex 0.05 16.472 -29.9639
    endloop
  endfacet
  facet normal 0 0.207126 -0.978314
    outer loop
      vertex -0.05 21.573 -29.2711
      vertex 0.05 21.573 -29.2711
      vertex -0.05 20.8527 -29.4236
    endloop
  endfacet
  facet normal 0.736906 0.0634848 -0.673007
    outer loop
      vertex 29.9187 -12.7931 -0.05
      vertex 0.05 17.9405 -29.8555
      vertex 29.8555 -12.0595 -0.05
    endloop
  endfacet
  facet normal 0.999322 0.0368057 0
    outer loop
      vertex 29.991 -14.2638 0.05
      vertex 29.9639 -13.528 -0.05
      vertex 29.9639 -13.528 0.05
    endloop
  endfacet
  facet normal 0.999322 0.0368057 -0
    outer loop
      vertex 29.991 -14.2638 -0.05
      vertex 29.9639 -13.528 -0.05
      vertex 29.991 -14.2638 0.05
    endloop
  endfacet
  facet normal 0 0.158891 -0.987296
    outer loop
      vertex -0.05 19.4019 -29.6753
      vertex 0.05 20.1289 -29.5583
      vertex 0.05 19.4019 -29.6753
    endloop
  endfacet
  facet normal 0.978316 0.207118 0
    outer loop
      vertex 29.4236 -9.14729 0.05
      vertex 29.2711 -8.42696 -0.05
      vertex 29.2711 -8.42696 0.05
    endloop
  endfacet
  facet normal 0.827671 0.328725 -0.454864
    outer loop
      vertex 0.05 32.871 -24.0962
      vertex 27.9898 -4.20315 -0.05
      vertex 0.05 32.2742 -24.5275
    endloop
  endfacet
  facet normal 0.898648 0.43867 0
    outer loop
      vertex 26.7967 -1.51166 0.05
      vertex 27.1197 -2.17335 -0.05
      vertex 26.7967 -1.51166 -0.05
    endloop
  endfacet
  facet normal 0 0.7491 -0.662457
    outer loop
      vertex -0.05 37.2285 -20.1468
      vertex 0.05 37.7163 -19.5952
      vertex 0.05 37.2285 -20.1468
    endloop
  endfacet
  facet normal 0.836434 0.363071 -0.410558
    outer loop
      vertex 27.4263 -2.84276 -0.05
      vertex 0.05 34.5952 -22.7163
      vertex 0.05 35.1468 -22.2285
    endloop
  endfacet
  facet normal 0.966994 0.254797 0
    outer loop
      vertex 29.1009 -7.71059 0.05
      vertex 28.9133 -6.99862 -0.05
      vertex 28.9133 -6.99862 0.05
    endloop
  endfacet
  facet normal 0.966994 0.254797 -0
    outer loop
      vertex 29.1009 -7.71059 -0.05
      vertex 28.9133 -6.99862 -0.05
      vertex 29.1009 -7.71059 0.05
    endloop
  endfacet
  facet normal 0.775684 0.160802 -0.610293
    outer loop
      vertex 0.05 22.2894 -29.1009
      vertex 0.05 23.0014 -28.9133
      vertex 29.4236 -9.14729 -0.05
    endloop
  endfacet
  facet normal -0.945618 0.325279 0
    outer loop
      vertex -28.2463 -4.8933 -0.05
      vertex -28.4858 -5.58955 -0.05
      vertex -28.2463 -4.8933 0.05
    endloop
  endfacet
  facet normal -0.990901 0.134592 0
    outer loop
      vertex -29.6753 -10.5981 0.05
      vertex -29.7744 -11.3277 -0.05
      vertex -29.7744 -11.3277 0.05
    endloop
  endfacet
  facet normal 0 0.110148 -0.993915
    outer loop
      vertex -0.05 17.9405 -29.8555
      vertex 0.05 18.6723 -29.7744
      vertex 0.05 17.9405 -29.8555
    endloop
  endfacet
  facet normal 0 0.715746 -0.698361
    outer loop
      vertex 0.05 36.2132 -21.2132
      vertex -0.05 36.7274 -20.6862
      vertex 0.05 36.7274 -20.6862
    endloop
  endfacet
  facet normal -0.860994 0.472246 -0.188871
    outer loop
      vertex -26.4576 -0.858098 -0.05
      vertex -0.05 42.9898 -10.7969
      vertex -0.05 42.7164 -11.4805
    endloop
  endfacet
  facet normal 0 0.7491 0.662457
    outer loop
      vertex 0.05 37.2285 20.1468
      vertex 0.05 37.7163 19.5952
      vertex -0.05 37.2285 20.1468
    endloop
  endfacet
  facet normal -0 0.8105 0.585738
    outer loop
      vertex -0.05 39.5275 17.2742
      vertex 0.05 39.0962 17.871
      vertex 0.05 39.5275 17.2742
    endloop
  endfacet
  facet normal -0.835215 0.358034 -0.417406
    outer loop
      vertex -27.4263 -2.84276 -0.05
      vertex -0.05 34.5952 -22.7163
      vertex -27.7164 -3.5195 -0.05
    endloop
  endfacet
  facet normal -0.836434 0.363071 -0.410558
    outer loop
      vertex -0.05 35.1468 -22.2285
      vertex -0.05 34.5952 -22.7163
      vertex -27.4263 -2.84276 -0.05
    endloop
  endfacet
  facet normal 0 0.565808 -0.824537
    outer loop
      vertex -0.05 32.2742 -24.5275
      vertex 0.05 32.2742 -24.5275
      vertex -0.05 31.6671 -24.9441
    endloop
  endfacet
  facet normal -0 0.624844 0.78075
    outer loop
      vertex -0.05 33.4569 23.6504
      vertex 0.05 33.4569 23.6504
      vertex -0.05 34.0318 23.1903
    endloop
  endfacet
  facet normal -0.827671 0.328725 -0.454864
    outer loop
      vertex -27.9898 -4.20315 -0.05
      vertex -0.05 32.871 -24.0962
      vertex -0.05 32.2742 -24.5275
    endloop
  endfacet
  facet normal -0.828364 0.331273 -0.451742
    outer loop
      vertex -27.7164 -3.5195 -0.05
      vertex -0.05 32.871 -24.0962
      vertex -27.9898 -4.20315 -0.05
    endloop
  endfacet
  facet normal 0 0.585738 -0.8105
    outer loop
      vertex -0.05 32.871 -24.0962
      vertex 0.05 32.2742 -24.5275
      vertex -0.05 32.2742 -24.5275
    endloop
  endfacet
  facet normal -0.822651 0.310025 -0.476581
    outer loop
      vertex -0.05 31.6671 -24.9441
      vertex -0.05 31.0499 -25.3456
      vertex -27.9898 -4.20315 -0.05
    endloop
  endfacet
  facet normal 0 0.231143 -0.97292
    outer loop
      vertex -0.05 22.2894 -29.1009
      vertex 0.05 21.573 -29.2711
      vertex -0.05 21.573 -29.2711
    endloop
  endfacet
  facet normal -0.792287 0.208763 0.573324
    outer loop
      vertex -28.9133 -6.99862 0.05
      vertex -29.1009 -7.71059 0.05
      vertex -0.05 25.1067 28.2463
    endloop
  endfacet
  facet normal 0 0.394018 0.919103
    outer loop
      vertex 0.05 26.4805 27.7164
      vertex 0.05 27.1572 27.4263
      vertex -0.05 26.4805 27.7164
    endloop
  endfacet
  facet normal 0.953292 0.30205 -0
    outer loop
      vertex 28.7082 -6.29146 -0.05
      vertex 28.4858 -5.58955 0.05
      vertex 28.7082 -6.29146 0.05
    endloop
  endfacet
  facet normal 0.928505 0.37132 -0
    outer loop
      vertex 27.9898 -4.20315 -0.05
      vertex 27.7164 -3.5195 0.05
      vertex 27.9898 -4.20315 0.05
    endloop
  endfacet
  facet normal -0.960421 0.278554 0
    outer loop
      vertex -28.9133 -6.99862 0.05
      vertex -28.7082 -6.29146 -0.05
      vertex -28.9133 -6.99862 -0.05
    endloop
  endfacet
  facet normal -0 0.482179 0.876072
    outer loop
      vertex -0.05 29.7869 26.1026
      vertex 0.05 29.1419 26.4576
      vertex 0.05 29.7869 26.1026
    endloop
  endfacet
  facet normal 0 0.643784 0.765207
    outer loop
      vertex 0.05 34.0318 23.1903
      vertex -0.05 34.5952 22.7163
      vertex -0.05 34.0318 23.1903
    endloop
  endfacet
  facet normal 0 -0.061389 0.998114
    outer loop
      vertex -0.05 12.7931 29.9187
      vertex 0.05 13.528 29.9639
      vertex -0.05 13.528 29.9639
    endloop
  endfacet
  facet normal -0.685036 -0.0421331 -0.72729
    outer loop
      vertex -29.9639 -16.472 -0.05
      vertex -0.05 13.528 -29.9639
      vertex -29.9187 -17.2069 -0.05
    endloop
  endfacet
  facet normal -0.987296 -0.158891 -0
    outer loop
      vertex -29.5583 -20.1289 0.05
      vertex -29.6753 -19.4019 0.05
      vertex -29.5583 -20.1289 -0.05
    endloop
  endfacet
  facet normal -0.648422 -0.104354 -0.754095
    outer loop
      vertex -29.6753 -19.4019 -0.05
      vertex -0.05 10.5981 -29.6753
      vertex -29.5583 -20.1289 -0.05
    endloop
  endfacet
  facet normal -0.887646 -0.460527 0
    outer loop
      vertex -26.4576 -29.1419 -0.05
      vertex -26.7967 -28.4883 0.05
      vertex -26.7967 -28.4883 -0.05
    endloop
  endfacet
  facet normal -0.573324 -0.208763 -0.792287
    outer loop
      vertex -28.2463 -25.1067 -0.05
      vertex -0.05 7.71059 -29.1009
      vertex -0.05 6.99862 -28.9133
    endloop
  endfacet
  facet normal 0 -0.0368057 0.999322
    outer loop
      vertex -0.05 13.528 29.9639
      vertex 0.05 13.528 29.9639
      vertex -0.05 14.2638 29.991
    endloop
  endfacet
  facet normal 0.711424 0.00869711 0.702709
    outer loop
      vertex 29.991 -14.2638 0.05
      vertex 0.05 15.7362 29.991
      vertex 30 -15 0.05
    endloop
  endfacet
  facet normal -0.999925 0.012224 0
    outer loop
      vertex -29.991 -14.2638 -0.05
      vertex -30 -15 0.05
      vertex -29.991 -14.2638 0.05
    endloop
  endfacet
  facet normal -0.999925 0.012224 0
    outer loop
      vertex -30 -15 -0.05
      vertex -30 -15 0.05
      vertex -29.991 -14.2638 -0.05
    endloop
  endfacet
  facet normal -0.993915 -0.110148 0
    outer loop
      vertex -29.8555 -17.9405 -0.05
      vertex -29.7744 -18.6723 0.05
      vertex -29.8555 -17.9405 0.05
    endloop
  endfacet
  facet normal -0.99631 -0.0858326 0
    outer loop
      vertex -29.8555 -17.9405 -0.05
      vertex -29.8555 -17.9405 0.05
      vertex -29.9187 -17.2069 -0.05
    endloop
  endfacet
  facet normal -0.610293 -0.160802 0.775684
    outer loop
      vertex -0.05 9.14729 29.4236
      vertex -29.1009 -22.2894 0.05
      vertex -28.9133 -23.0014 0.05
    endloop
  endfacet
  facet normal 0 -0.207118 -0.978316
    outer loop
      vertex -0.05 8.42696 -29.2711
      vertex -0.05 9.14729 -29.4236
      vertex 0.05 8.42696 -29.2711
    endloop
  endfacet
  facet normal -0.560484 -0.224161 0.797251
    outer loop
      vertex -0.05 6.99862 28.9133
      vertex -27.9898 -25.7969 0.05
      vertex -27.7164 -26.4805 0.05
    endloop
  endfacet
  facet normal 0.451742 -0.331273 0.828364
    outer loop
      vertex 24.0962 -32.871 0.05
      vertex 0.05 4.20315 27.9898
      vertex 0.05 3.5195 27.7164
    endloop
  endfacet
  facet normal 0 -0.134592 0.990901
    outer loop
      vertex 0.05 11.3277 29.7744
      vertex -0.05 11.3277 29.7744
      vertex 0.05 10.5981 29.6753
    endloop
  endfacet
  facet normal -0.508601 -0.279927 0.814227
    outer loop
      vertex -26.1026 -29.7869 0.05
      vertex -0.05 5.58955 28.4858
      vertex -26.4576 -29.1419 0.05
    endloop
  endfacet
  facet normal 0.98312 -0.18296 0
    outer loop
      vertex 29.5583 -20.1289 -0.05
      vertex 29.5583 -20.1289 0.05
      vertex 29.4236 -20.8527 -0.05
    endloop
  endfacet
  facet normal 0.987296 -0.158891 0
    outer loop
      vertex 29.6753 -19.4019 -0.05
      vertex 29.5583 -20.1289 0.05
      vertex 29.5583 -20.1289 -0.05
    endloop
  endfacet
  facet normal 0.52955 -0.258532 0.807922
    outer loop
      vertex 0.05 5.58955 28.4858
      vertex 26.7967 -28.4883 0.05
      vertex 27.1197 -27.8267 0.05
    endloop
  endfacet
  facet normal -0.838245 -0.545294 -0
    outer loop
      vertex -24.9441 -31.6671 0.05
      vertex -25.3456 -31.0499 0.05
      vertex -24.9441 -31.6671 -0.05
    endloop
  endfacet
  facet normal -0.487283 -0.300315 -0.81998
    outer loop
      vertex -25.7319 -30.4231 -0.05
      vertex -0.05 4.8933 -28.2463
      vertex -25.3456 -31.0499 -0.05
    endloop
  endfacet
  facet normal 0.795824 -0.605527 0
    outer loop
      vertex 23.6504 -33.4569 0.05
      vertex 23.6504 -33.4569 -0.05
      vertex 24.0962 -32.871 0.05
    endloop
  endfacet
  facet normal 0 -0.278554 0.960421
    outer loop
      vertex -0.05 6.29146 28.7082
      vertex 0.05 6.29146 28.7082
      vertex -0.05 6.99862 28.9133
    endloop
  endfacet
  facet normal 0.607557 -0.164509 -0.777053
    outer loop
      vertex 0.05 9.14729 -29.4236
      vertex 28.9133 -23.0014 -0.05
      vertex 0.05 8.42696 -29.2711
    endloop
  endfacet
  facet normal -0.732639 -0.680618 -0
    outer loop
      vertex -22.2285 -35.1468 0.05
      vertex -22.2285 -35.1468 -0.05
      vertex -21.7274 -35.6862 0.05
    endloop
  endfacet
  facet normal -0 -0.278554 -0.960421
    outer loop
      vertex 0.05 6.99862 -28.9133
      vertex -0.05 6.29146 -28.7082
      vertex -0.05 6.99862 -28.9133
    endloop
  endfacet
  facet normal 0.481802 -0.305275 0.821385
    outer loop
      vertex 0.05 4.20315 27.9898
      vertex 25.3456 -31.0499 0.05
      vertex 0.05 4.8933 28.2463
    endloop
  endfacet
  facet normal -0.7491 -0.662457 -0
    outer loop
      vertex -22.2285 -35.1468 0.05
      vertex -22.7163 -34.5952 -0.05
      vertex -22.2285 -35.1468 -0.05
    endloop
  endfacet
  facet normal -0.765207 -0.643784 0
    outer loop
      vertex -23.1903 -34.0318 -0.05
      vertex -22.7163 -34.5952 -0.05
      vertex -23.1903 -34.0318 0.05
    endloop
  endfacet
  facet normal -0.715746 -0.698361 0
    outer loop
      vertex -21.7274 -35.6862 -0.05
      vertex -21.2132 -36.2132 -0.05
      vertex -21.7274 -35.6862 0.05
    endloop
  endfacet
  facet normal 0 -0.393998 0.919111
    outer loop
      vertex 0.05 3.5195 27.7164
      vertex -0.05 3.5195 27.7164
      vertex 0.05 2.84276 27.4263
    endloop
  endfacet
  facet normal -0.476581 -0.310025 0.822651
    outer loop
      vertex -24.9441 -31.6671 0.05
      vertex -0.05 4.20315 27.9898
      vertex -25.3456 -31.0499 0.05
    endloop
  endfacet
  facet normal -0.52955 -0.258532 -0.807922
    outer loop
      vertex -27.1197 -27.8267 -0.05
      vertex -0.05 5.58955 -28.4858
      vertex -26.7967 -28.4883 -0.05
    endloop
  endfacet
  facet normal -0.451742 -0.331273 0.828364
    outer loop
      vertex -0.05 3.5195 27.7164
      vertex -0.05 4.20315 27.9898
      vertex -24.0962 -32.871 0.05
    endloop
  endfacet
  facet normal 0.371344 -0.928495 0
    outer loop
      vertex 11.4805 -42.7164 0.05
      vertex 10.7969 -42.9898 0.05
      vertex 11.4805 -42.7164 -0.05
    endloop
  endfacet
  facet normal -0.224915 -0.460693 0.858589
    outer loop
      vertex -0.05 0.858098 26.4576
      vertex -13.4883 -41.7967 0.05
      vertex -12.8267 -42.1197 0.05
    endloop
  endfacet
  facet normal 0.231152 -0.972918 0
    outer loop
      vertex 6.57304 -44.2711 0.05
      vertex 6.57304 -44.2711 -0.05
      vertex 7.28941 -44.1009 0.05
    endloop
  endfacet
  facet normal 0.254797 -0.966994 0
    outer loop
      vertex 7.28941 -44.1009 -0.05
      vertex 8.00138 -43.9133 -0.05
      vertex 7.28941 -44.1009 0.05
    endloop
  endfacet
  facet normal -0.421766 -0.35484 -0.834387
    outer loop
      vertex -23.1903 -34.0318 -0.05
      vertex -0.05 3.5195 -27.7164
      vertex -22.7163 -34.5952 -0.05
    endloop
  endfacet
  facet normal 0.648422 -0.104354 -0.754095
    outer loop
      vertex 29.5583 -20.1289 -0.05
      vertex 0.05 10.5981 -29.6753
      vertex 29.6753 -19.4019 -0.05
    endloop
  endfacet
  facet normal 0.573324 -0.208763 -0.792287
    outer loop
      vertex 0.05 6.99862 -28.9133
      vertex 0.05 7.71059 -29.1009
      vertex 28.2463 -25.1067 -0.05
    endloop
  endfacet
  facet normal 0.953303 -0.302015 0
    outer loop
      vertex 28.7082 -23.7085 -0.05
      vertex 28.4858 -24.4105 0.05
      vertex 28.4858 -24.4105 -0.05
    endloop
  endfacet
  facet normal 0.876072 -0.482179 0
    outer loop
      vertex 26.1026 -29.7869 0.05
      vertex 26.1026 -29.7869 -0.05
      vertex 26.4576 -29.1419 0.05
    endloop
  endfacet
  facet normal 0.698361 -0.715746 0
    outer loop
      vertex 21.2132 -36.2132 0.05
      vertex 20.6862 -36.7274 0.05
      vertex 21.2132 -36.2132 -0.05
    endloop
  endfacet
  facet normal 0.508422 -0.2801 -0.814279
    outer loop
      vertex 26.1026 -29.7869 -0.05
      vertex 0.05 4.8933 -28.2463
      vertex 0.05 5.58955 -28.4858
    endloop
  endfacet
  facet normal 0.560484 -0.224161 -0.797251
    outer loop
      vertex 0.05 6.99862 -28.9133
      vertex 27.9898 -25.7969 -0.05
      vertex 27.7164 -26.4805 -0.05
    endloop
  endfacet
  facet normal -0.443867 -0.33773 0.830013
    outer loop
      vertex -23.6504 -33.4569 0.05
      vertex -0.05 3.5195 27.7164
      vertex -24.0962 -32.871 0.05
    endloop
  endfacet
  facet normal -0.432859 -0.346423 0.832241
    outer loop
      vertex -23.1903 -34.0318 0.05
      vertex -0.05 3.5195 27.7164
      vertex -23.6504 -33.4569 0.05
    endloop
  endfacet
  facet normal 0.260493 -0.447061 -0.855733
    outer loop
      vertex 15.4231 -40.7319 -0.05
      vertex 14.7869 -41.1026 -0.05
      vertex 0.05 0.858098 -26.4576
    endloop
  endfacet
  facet normal 0.212859 -0.464805 -0.859446
    outer loop
      vertex 12.8267 -42.1197 -0.05
      vertex 12.1572 -42.4263 -0.05
      vertex 0.05 0.858098 -26.4576
    endloop
  endfacet
  facet normal 0.30756 -0.425578 0.851052
    outer loop
      vertex 17.871 -39.0962 0.05
      vertex 0.05 1.51166 26.7967
      vertex 17.2742 -39.5275 0.05
    endloop
  endfacet
  facet normal 0.605527 -0.795824 0
    outer loop
      vertex 18.4569 -38.6504 0.05
      vertex 17.871 -39.0962 -0.05
      vertex 18.4569 -38.6504 -0.05
    endloop
  endfacet
  facet normal -0.268562 -0.443629 -0.855025
    outer loop
      vertex -15.4231 -40.7319 -0.05
      vertex -0.05 1.51166 -26.7967
      vertex -0.05 0.858098 -26.4576
    endloop
  endfacet
  facet normal 0 -0.43867 0.898648
    outer loop
      vertex -0.05 1.51166 26.7967
      vertex 0.05 1.51166 26.7967
      vertex -0.05 2.17335 27.1197
    endloop
  endfacet
  facet normal -0.085836 -0.996309 0
    outer loop
      vertex -2.20694 -44.9187 -0.05
      vertex -2.20694 -44.9187 0.05
      vertex -2.94051 -44.8555 -0.05
    endloop
  endfacet
  facet normal -0.134594 -0.990901 0
    outer loop
      vertex -3.67232 -44.7744 -0.05
      vertex -4.40191 -44.6753 0.05
      vertex -4.40191 -44.6753 -0.05
    endloop
  endfacet
  facet normal 0.30205 -0.953292 0
    outer loop
      vertex 8.70854 -43.7082 0.05
      vertex 8.70854 -43.7082 -0.05
      vertex 9.41045 -43.4858 0.05
    endloop
  endfacet
  facet normal 0.176767 -0.475652 -0.861689
    outer loop
      vertex 10.1067 -43.2463 -0.05
      vertex 0.05 0.213054 -26.1026
      vertex 10.7969 -42.9898 -0.05
    endloop
  endfacet
  facet normal 0.0306662 -0.498604 -0.866287
    outer loop
      vertex 1.47203 -44.9639 -0.05
      vertex 0.05 0.213054 -26.1026
      vertex 2.20694 -44.9187 -0.05
    endloop
  endfacet
  facet normal -0.140512 -0.484469 0.86345
    outer loop
      vertex -8.70854 -43.7082 0.05
      vertex -8.00138 -43.9133 0.05
      vertex -0.05 0.213054 26.1026
    endloop
  endfacet
  facet normal 0.207118 -0.978316 0
    outer loop
      vertex 6.57304 -44.2711 -0.05
      vertex 5.85271 -44.4236 0.05
      vertex 5.85271 -44.4236 -0.05
    endloop
  endfacet
  facet normal 0.182948 -0.983123 0
    outer loop
      vertex 5.85271 -44.4236 0.05
      vertex 5.12886 -44.5583 -0.05
      vertex 5.85271 -44.4236 -0.05
    endloop
  endfacet
  facet normal -0.103997 -0.491229 -0.8648
    outer loop
      vertex -0.05 0.213054 -26.1026
      vertex -5.85271 -44.4236 -0.05
      vertex -6.57304 -44.2711 -0.05
    endloop
  endfacet
  facet normal -0.182419 -0.474064 -0.861386
    outer loop
      vertex -0.05 0.213054 -26.1026
      vertex -10.7969 -42.9898 -0.05
      vertex -0.05 0.858098 -26.4576
    endloop
  endfacet
  facet normal 0.761342 0.122534 0.636667
    outer loop
      vertex 29.5583 -9.87114 0.05
      vertex 0.05 20.8527 29.4236
      vertex 29.6753 -10.5981 0.05
    endloop
  endfacet
  facet normal 0.993915 0.110148 0
    outer loop
      vertex 29.8555 -12.0595 0.05
      vertex 29.7744 -11.3277 -0.05
      vertex 29.7744 -11.3277 0.05
    endloop
  endfacet
  facet normal -0.800977 0.235896 0.550262
    outer loop
      vertex -28.7082 -6.29146 0.05
      vertex -0.05 26.4805 27.7164
      vertex -0.05 27.1572 27.4263
    endloop
  endfacet
  facet normal -0.759899 0.118931 0.639069
    outer loop
      vertex -0.05 20.1289 29.5583
      vertex -0.05 20.8527 29.4236
      vertex -29.6753 -10.5981 0.05
    endloop
  endfacet
  facet normal -0.747919 0.0893408 0.65775
    outer loop
      vertex -0.05 18.6723 29.7744
      vertex -0.05 19.4019 29.6753
      vertex -29.7744 -11.3277 0.05
    endloop
  endfacet
  facet normal -0.753291 0.102318 0.649679
    outer loop
      vertex -29.7744 -11.3277 0.05
      vertex -0.05 19.4019 29.6753
      vertex -29.6753 -10.5981 0.05
    endloop
  endfacet
  facet normal -0 0.999322 0.0368061
    outer loop
      vertex -0.05 44.9639 1.47203
      vertex 0.05 44.9639 1.47203
      vertex -0.05 44.991 0.736237
    endloop
  endfacet
  facet normal -0 0.999322 0.0368061
    outer loop
      vertex -0.05 44.991 0.736237
      vertex 0.05 44.9639 1.47203
      vertex 0.05 44.991 0.736237
    endloop
  endfacet
  facet normal -0.865743 0.495935 0.0673627
    outer loop
      vertex -0.05 44.6753 4.40191
      vertex -0.05 44.7744 3.67232
      vertex -26.1026 -0.213054 0.05
    endloop
  endfacet
  facet normal -0 0.990901 0.134594
    outer loop
      vertex -0.05 44.6753 4.40191
      vertex 0.05 44.6753 4.40191
      vertex -0.05 44.7744 3.67232
    endloop
  endfacet
  facet normal 0.866287 0.498604 0.0306662
    outer loop
      vertex 0.05 44.9187 2.20694
      vertex 26.1026 -0.213054 0.05
      vertex 0.05 44.9639 1.47203
    endloop
  endfacet
  facet normal 0 0.998114 0.0613881
    outer loop
      vertex -0.05 44.9187 2.20694
      vertex 0.05 44.9639 1.47203
      vertex -0.05 44.9639 1.47203
    endloop
  endfacet
  facet normal 0.862323 0.478823 0.164708
    outer loop
      vertex 0.05 43.2463 10.1067
      vertex 26.1026 -0.213054 0.05
      vertex 0.05 43.4858 9.41045
    endloop
  endfacet
  facet normal -0 0.960421 0.278554
    outer loop
      vertex -0.05 43.9133 8.00138
      vertex 0.05 43.7082 8.70854
      vertex 0.05 43.9133 8.00138
    endloop
  endfacet
  facet normal -0.848547 0.414213 0.329234
    outer loop
      vertex -27.1197 -2.17335 0.05
      vertex -0.05 38.6504 18.4569
      vertex -26.7967 -1.51166 0.05
    endloop
  endfacet
  facet normal -0.846866 0.406942 0.342368
    outer loop
      vertex -0.05 37.7163 19.5952
      vertex -0.05 38.1903 19.0318
      vertex -27.1197 -2.17335 0.05
    endloop
  endfacet
  facet normal -0.862908 0.481756 -0.152644
    outer loop
      vertex -26.1026 -0.213054 -0.05
      vertex -0.05 43.7082 -8.70854
      vertex -0.05 43.4858 -9.41045
    endloop
  endfacet
  facet normal 0.860994 0.472246 -0.188871
    outer loop
      vertex 0.05 42.7164 -11.4805
      vertex 0.05 42.9898 -10.7969
      vertex 26.4576 -0.858098 -0.05
    endloop
  endfacet
  facet normal -0.862908 0.481756 0.152644
    outer loop
      vertex -0.05 43.4858 9.41045
      vertex -0.05 43.7082 8.70854
      vertex -26.1026 -0.213054 0.05
    endloop
  endfacet
  facet normal -0.861689 0.475652 0.176767
    outer loop
      vertex -0.05 42.9898 10.7969
      vertex -0.05 43.2463 10.1067
      vertex -26.1026 -0.213054 0.05
    endloop
  endfacet
  facet normal 0.858589 0.460693 0.224915
    outer loop
      vertex 26.4576 -0.858098 0.05
      vertex 0.05 42.1197 12.8267
      vertex 0.05 41.7967 13.4883
    endloop
  endfacet
  facet normal 0.852305 0.43127 0.295943
    outer loop
      vertex 26.7967 -1.51166 0.05
      vertex 0.05 39.9441 16.6671
      vertex 0.05 39.5275 17.2742
    endloop
  endfacet
  facet normal 0 0.851308 0.524666
    outer loop
      vertex 0.05 40.7319 15.4231
      vertex -0.05 40.7319 15.4231
      vertex 0.05 40.3456 16.0499
    endloop
  endfacet
  facet normal -0.854655 0.441996 0.272405
    outer loop
      vertex -0.05 40.3456 16.0499
      vertex -0.05 40.7319 15.4231
      vertex -26.7967 -1.51166 0.05
    endloop
  endfacet
  facet normal 0 0.909196 0.416369
    outer loop
      vertex 0.05 42.1197 12.8267
      vertex 0.05 42.4263 12.1572
      vertex -0.05 42.1197 12.8267
    endloop
  endfacet
  facet normal 0.859446 0.464805 0.212859
    outer loop
      vertex 26.4576 -0.858098 0.05
      vertex 0.05 42.4263 12.1572
      vertex 0.05 42.1197 12.8267
    endloop
  endfacet
  facet normal -0.866381 0.499045 -0.0183803
    outer loop
      vertex -26.1026 -0.213054 -0.05
      vertex -0.05 44.991 -0.736237
      vertex -0.05 44.9639 -1.47203
    endloop
  endfacet
  facet normal -0.866431 0.49926 -0.00610312
    outer loop
      vertex -0.05 45 0
      vertex -0.05 44.991 -0.736237
      vertex -26.1026 -0.213054 -0.05
    endloop
  endfacet
  facet normal 0.866381 0.499045 -0.0183803
    outer loop
      vertex 0.05 44.9639 -1.47203
      vertex 0.05 44.991 -0.736237
      vertex 26.1026 -0.213054 -0.05
    endloop
  endfacet
  facet normal 0.866431 0.49926 -0.00610312
    outer loop
      vertex 26.1026 -0.213054 -0.05
      vertex 0.05 44.991 -0.736237
      vertex 0.05 45 0
    endloop
  endfacet
  facet normal -0.865969 0.497054 -0.0550841
    outer loop
      vertex -0.05 44.8555 -2.94051
      vertex -0.05 44.7744 -3.67232
      vertex -26.1026 -0.213054 -0.05
    endloop
  endfacet
  facet normal 0 0.978316 -0.207118
    outer loop
      vertex -0.05 44.4236 -5.85271
      vertex 0.05 44.2711 -6.57304
      vertex -0.05 44.2711 -6.57304
    endloop
  endfacet
  facet normal 0.86516 0.493032 -0.0917474
    outer loop
      vertex 0.05 44.4236 -5.85271
      vertex 0.05 44.5583 -5.12886
      vertex 26.1026 -0.213054 -0.05
    endloop
  endfacet
  facet normal 0 0.983123 -0.182948
    outer loop
      vertex -0.05 44.4236 -5.85271
      vertex 0.05 44.5583 -5.12886
      vertex 0.05 44.4236 -5.85271
    endloop
  endfacet
  facet normal 0 0.960421 -0.278554
    outer loop
      vertex 0.05 43.7082 -8.70854
      vertex -0.05 43.7082 -8.70854
      vertex 0.05 43.9133 -8.00138
    endloop
  endfacet
  facet normal -0.861689 0.475652 -0.176767
    outer loop
      vertex -0.05 43.2463 -10.1067
      vertex -0.05 42.9898 -10.7969
      vertex -26.1026 -0.213054 -0.05
    endloop
  endfacet
  facet normal -0.855025 0.443629 -0.268562
    outer loop
      vertex -26.7967 -1.51166 -0.05
      vertex -26.4576 -0.858098 -0.05
      vertex -0.05 40.7319 -15.4231
    endloop
  endfacet
  facet normal -0.887635 0.460548 0
    outer loop
      vertex -26.7967 -1.51166 0.05
      vertex -26.4576 -0.858098 -0.05
      vertex -26.7967 -1.51166 -0.05
    endloop
  endfacet
  facet normal 0.840235 0.378667 -0.388094
    outer loop
      vertex 27.4263 -2.84276 -0.05
      vertex 0.05 35.6862 -21.7274
      vertex 0.05 36.2132 -21.2132
    endloop
  endfacet
  facet normal 0.960421 0.278554 -0
    outer loop
      vertex 28.9133 -6.99862 -0.05
      vertex 28.7082 -6.29146 0.05
      vertex 28.9133 -6.99862 0.05
    endloop
  endfacet
  facet normal -0.849727 0.419576 -0.319248
    outer loop
      vertex -0.05 39.0962 -17.871
      vertex -0.05 38.6504 -18.4569
      vertex -26.7967 -1.51166 -0.05
    endloop
  endfacet
  facet normal -0.851052 0.425578 -0.30756
    outer loop
      vertex -0.05 39.5275 -17.2742
      vertex -0.05 39.0962 -17.871
      vertex -26.7967 -1.51166 -0.05
    endloop
  endfacet
  facet normal 0 0.012224 -0.999925
    outer loop
      vertex 0.05 15 -30
      vertex -0.05 15 -30
      vertex 0.05 15.7362 -29.991
    endloop
  endfacet
  facet normal 0 0.012224 -0.999925
    outer loop
      vertex 0.05 15.7362 -29.991
      vertex -0.05 15 -30
      vertex -0.05 15.7362 -29.991
    endloop
  endfacet
  facet normal 0 0.0368057 -0.999322
    outer loop
      vertex 0.05 15.7362 -29.991
      vertex -0.05 16.472 -29.9639
      vertex 0.05 16.472 -29.9639
    endloop
  endfacet
  facet normal 0.72729 0.0421331 -0.685036
    outer loop
      vertex 0.05 16.472 -29.9639
      vertex 0.05 17.2069 -29.9187
      vertex 29.9639 -13.528 -0.05
    endloop
  endfacet
  facet normal 0.754095 0.104354 -0.648422
    outer loop
      vertex 0.05 19.4019 -29.6753
      vertex 0.05 20.1289 -29.5583
      vertex 29.6753 -10.5981 -0.05
    endloop
  endfacet
  facet normal 0.983123 0.182948 0
    outer loop
      vertex 29.5583 -9.87114 0.05
      vertex 29.5583 -9.87114 -0.05
      vertex 29.4236 -9.14729 0.05
    endloop
  endfacet
  facet normal 0.734549 0.0582421 -0.676051
    outer loop
      vertex 29.9187 -12.7931 -0.05
      vertex 0.05 17.2069 -29.9187
      vertex 0.05 17.9405 -29.8555
    endloop
  endfacet
  facet normal 0.747919 0.0893408 -0.65775
    outer loop
      vertex 29.7744 -11.3277 -0.05
      vertex 0.05 18.6723 -29.7744
      vertex 0.05 19.4019 -29.6753
    endloop
  endfacet
  facet normal 0.777053 0.164509 -0.607557
    outer loop
      vertex 29.4236 -9.14729 -0.05
      vertex 0.05 23.0014 -28.9133
      vertex 29.2711 -8.42696 -0.05
    endloop
  endfacet
  facet normal 0.780447 0.174172 -0.600472
    outer loop
      vertex 29.2711 -8.42696 -0.05
      vertex 0.05 23.0014 -28.9133
      vertex 0.05 23.7085 -28.7082
    endloop
  endfacet
  facet normal 0.987295 0.158899 0
    outer loop
      vertex 29.6753 -10.5981 0.05
      vertex 29.5583 -9.87114 -0.05
      vertex 29.5583 -9.87114 0.05
    endloop
  endfacet
  facet normal 0.987295 0.158899 -0
    outer loop
      vertex 29.6753 -10.5981 -0.05
      vertex 29.5583 -9.87114 -0.05
      vertex 29.6753 -10.5981 0.05
    endloop
  endfacet
  facet normal -0.842029 0.386096 0.376719
    outer loop
      vertex -27.1197 -2.17335 0.05
      vertex -0.05 36.2132 21.2132
      vertex -0.05 36.7274 20.6862
    endloop
  endfacet
  facet normal -0 0.732639 0.680618
    outer loop
      vertex -0.05 37.2285 20.1468
      vertex 0.05 36.7274 20.6862
      vertex 0.05 37.2285 20.1468
    endloop
  endfacet
  facet normal 0.845313 0.400222 -0.353931
    outer loop
      vertex 0.05 37.2285 -20.1468
      vertex 0.05 37.7163 -19.5952
      vertex 27.1197 -2.17335 -0.05
    endloop
  endfacet
  facet normal 0 0.795824 -0.605527
    outer loop
      vertex 0.05 38.6504 -18.4569
      vertex -0.05 38.6504 -18.4569
      vertex 0.05 39.0962 -17.871
    endloop
  endfacet
  facet normal 0.835215 0.358034 -0.417406
    outer loop
      vertex 27.7164 -3.5195 -0.05
      vertex 0.05 34.5952 -22.7163
      vertex 27.4263 -2.84276 -0.05
    endloop
  endfacet
  facet normal 0.834387 0.35484 -0.421766
    outer loop
      vertex 0.05 34.0318 -23.1903
      vertex 0.05 34.5952 -22.7163
      vertex 27.7164 -3.5195 -0.05
    endloop
  endfacet
  facet normal 0 0.438718 -0.898625
    outer loop
      vertex -0.05 27.8267 -27.1197
      vertex 0.05 28.4883 -26.7967
      vertex 0.05 27.8267 -27.1197
    endloop
  endfacet
  facet normal 0.792287 0.208763 -0.573324
    outer loop
      vertex 29.1009 -7.71059 -0.05
      vertex 0.05 25.1067 -28.2463
      vertex 28.9133 -6.99862 -0.05
    endloop
  endfacet
  facet normal -0.966994 0.254797 0
    outer loop
      vertex -28.9133 -6.99862 -0.05
      vertex -29.1009 -7.71059 0.05
      vertex -28.9133 -6.99862 0.05
    endloop
  endfacet
  facet normal -0.784755 0.186447 -0.591099
    outer loop
      vertex -29.1009 -7.71059 -0.05
      vertex -0.05 23.7085 -28.7082
      vertex -29.2711 -8.42696 -0.05
    endloop
  endfacet
  facet normal -0.765447 0.133285 -0.629545
    outer loop
      vertex -0.05 21.573 -29.2711
      vertex -0.05 20.8527 -29.4236
      vertex -29.5583 -9.87114 -0.05
    endloop
  endfacet
  facet normal 0 0.254787 0.966997
    outer loop
      vertex 0.05 23.0014 28.9133
      vertex -0.05 22.2894 29.1009
      vertex 0.05 22.2894 29.1009
    endloop
  endfacet
  facet normal -0.754095 0.104354 -0.648422
    outer loop
      vertex -0.05 20.1289 -29.5583
      vertex -0.05 19.4019 -29.6753
      vertex -29.6753 -10.5981 -0.05
    endloop
  endfacet
  facet normal -0.990901 0.134592 0
    outer loop
      vertex -29.6753 -10.5981 -0.05
      vertex -29.7744 -11.3277 -0.05
      vertex -29.6753 -10.5981 0.05
    endloop
  endfacet
  facet normal -0.74513 0.0825773 -0.661787
    outer loop
      vertex -29.8555 -12.0595 -0.05
      vertex -29.7744 -11.3277 -0.05
      vertex -0.05 18.6723 -29.7744
    endloop
  endfacet
  facet normal -0.993915 0.110148 0
    outer loop
      vertex -29.8555 -12.0595 0.05
      vertex -29.7744 -11.3277 -0.05
      vertex -29.8555 -12.0595 -0.05
    endloop
  endfacet
  facet normal -0.857691 0.456397 -0.236787
    outer loop
      vertex -0.05 41.7967 -13.4883
      vertex -0.05 41.4576 -14.1419
      vertex -26.4576 -0.858098 -0.05
    endloop
  endfacet
  facet normal 0 0.898625 -0.438718
    outer loop
      vertex -0.05 41.7967 -13.4883
      vertex -0.05 42.1197 -12.8267
      vertex 0.05 41.7967 -13.4883
    endloop
  endfacet
  facet normal 0 0.851308 -0.524666
    outer loop
      vertex 0.05 40.7319 -15.4231
      vertex -0.05 40.3456 -16.0499
      vertex -0.05 40.7319 -15.4231
    endloop
  endfacet
  facet normal 0 0.864025 -0.503449
    outer loop
      vertex -0.05 41.1026 -14.7869
      vertex 0.05 41.1026 -14.7869
      vertex -0.05 40.7319 -15.4231
    endloop
  endfacet
  facet normal -0.919111 0.393998 0
    outer loop
      vertex -27.4263 -2.84276 -0.05
      vertex -27.7164 -3.5195 0.05
      vertex -27.4263 -2.84276 0.05
    endloop
  endfacet
  facet normal 0.825221 0.319574 0.465706
    outer loop
      vertex 27.9898 -4.20315 0.05
      vertex 0.05 32.2742 24.5275
      vertex 0.05 31.6671 24.9441
    endloop
  endfacet
  facet normal 0.919111 0.393998 0
    outer loop
      vertex 27.4263 -2.84276 0.05
      vertex 27.7164 -3.5195 0.05
      vertex 27.4263 -2.84276 -0.05
    endloop
  endfacet
  facet normal 0.828364 0.331273 -0.451742
    outer loop
      vertex 27.7164 -3.5195 -0.05
      vertex 27.9898 -4.20315 -0.05
      vertex 0.05 32.871 -24.0962
    endloop
  endfacet
  facet normal 0 0.624844 -0.78075
    outer loop
      vertex -0.05 34.0318 -23.1903
      vertex 0.05 33.4569 -23.6504
      vertex -0.05 33.4569 -23.6504
    endloop
  endfacet
  facet normal -0.830013 0.33773 -0.443867
    outer loop
      vertex -27.7164 -3.5195 -0.05
      vertex -0.05 33.4569 -23.6504
      vertex -0.05 32.871 -24.0962
    endloop
  endfacet
  facet normal 0 0.524666 -0.851308
    outer loop
      vertex 0.05 30.4231 -25.7319
      vertex -0.05 31.0499 -25.3456
      vertex 0.05 31.0499 -25.3456
    endloop
  endfacet
  facet normal 0 0.524666 -0.851308
    outer loop
      vertex -0.05 30.4231 -25.7319
      vertex -0.05 31.0499 -25.3456
      vertex 0.05 30.4231 -25.7319
    endloop
  endfacet
  facet normal -0.777053 0.164509 -0.607557
    outer loop
      vertex -0.05 23.0014 -28.9133
      vertex -29.4236 -9.14729 -0.05
      vertex -29.2711 -8.42696 -0.05
    endloop
  endfacet
  facet normal -0.769218 0.143143 -0.622746
    outer loop
      vertex -29.5583 -9.87114 -0.05
      vertex -29.4236 -9.14729 -0.05
      vertex -0.05 21.573 -29.2711
    endloop
  endfacet
  facet normal 0.804502 0.247302 -0.540016
    outer loop
      vertex 28.7082 -6.29146 -0.05
      vertex 0.05 27.1572 -27.4263
      vertex 0.05 27.8267 -27.1197
    endloop
  endfacet
  facet normal -0.966994 0.254797 0
    outer loop
      vertex -29.1009 -7.71059 -0.05
      vertex -29.1009 -7.71059 0.05
      vertex -28.9133 -6.99862 -0.05
    endloop
  endfacet
  facet normal 0 0.503449 0.864025
    outer loop
      vertex 0.05 29.7869 26.1026
      vertex 0.05 30.4231 25.7319
      vertex -0.05 29.7869 26.1026
    endloop
  endfacet
  facet normal 0.937355 0.348376 -0
    outer loop
      vertex 27.9898 -4.20315 -0.05
      vertex 27.9898 -4.20315 0.05
      vertex 28.2463 -4.8933 -0.05
    endloop
  endfacet
  facet normal -0 0.624844 0.78075
    outer loop
      vertex -0.05 34.0318 23.1903
      vertex 0.05 33.4569 23.6504
      vertex 0.05 34.0318 23.1903
    endloop
  endfacet
  facet normal 0.821385 0.305275 -0.481802
    outer loop
      vertex 0.05 31.0499 -25.3456
      vertex 27.9898 -4.20315 -0.05
      vertex 28.2463 -4.8933 -0.05
    endloop
  endfacet
  facet normal 0.811121 0.269352 0.519164
    outer loop
      vertex 28.4858 -5.58955 0.05
      vertex 0.05 29.1419 26.4576
      vertex 0.05 28.4883 26.7967
    endloop
  endfacet
  facet normal 0.919111 0.393998 0
    outer loop
      vertex 27.4263 -2.84276 -0.05
      vertex 27.7164 -3.5195 0.05
      vertex 27.7164 -3.5195 -0.05
    endloop
  endfacet
  facet normal -0.65775 -0.0893408 0.747919
    outer loop
      vertex -29.7744 -18.6723 0.05
      vertex -29.6753 -19.4019 0.05
      vertex -0.05 11.3277 29.7744
    endloop
  endfacet
  facet normal -0.639069 -0.118931 0.759899
    outer loop
      vertex -29.5583 -20.1289 0.05
      vertex -29.4236 -20.8527 0.05
      vertex -0.05 10.5981 29.6753
    endloop
  endfacet
  facet normal -0.720031 0.0265192 0.693435
    outer loop
      vertex -29.991 -14.2638 0.05
      vertex -0.05 16.472 29.9639
      vertex -29.9639 -13.528 0.05
    endloop
  endfacet
  facet normal 0.719564 0.0255588 0.693955
    outer loop
      vertex 29.991 -14.2638 0.05
      vertex 0.05 16.472 29.9639
      vertex 0.05 15.7362 29.991
    endloop
  endfacet
  facet normal 0 0.0368057 0.999322
    outer loop
      vertex 0.05 15.7362 29.991
      vertex -0.05 16.472 29.9639
      vertex -0.05 15.7362 29.991
    endloop
  endfacet
  facet normal -0.719564 0.0255588 0.693955
    outer loop
      vertex -0.05 15.7362 29.991
      vertex -0.05 16.472 29.9639
      vertex -29.991 -14.2638 0.05
    endloop
  endfacet
  facet normal -0.702709 -0.00869711 0.711424
    outer loop
      vertex -0.05 14.2638 29.991
      vertex -0.05 15 30
      vertex -29.991 -15.7362 0.05
    endloop
  endfacet
  facet normal -0.999322 -0.0368057 -0
    outer loop
      vertex -29.991 -15.7362 0.05
      vertex -29.991 -15.7362 -0.05
      vertex -29.9639 -16.472 0.05
    endloop
  endfacet
  facet normal 0 -0.231152 0.972918
    outer loop
      vertex 0.05 8.42696 29.2711
      vertex -0.05 7.71059 29.1009
      vertex 0.05 7.71059 29.1009
    endloop
  endfacet
  facet normal -0.937363 -0.348354 0
    outer loop
      vertex -28.2463 -25.1067 -0.05
      vertex -27.9898 -25.7969 0.05
      vertex -28.2463 -25.1067 0.05
    endloop
  endfacet
  facet normal -0.960414 -0.278576 -0
    outer loop
      vertex -28.9133 -23.0014 0.05
      vertex -28.9133 -23.0014 -0.05
      vertex -28.7082 -23.7085 0.05
    endloop
  endfacet
  facet normal -0.953303 -0.302015 0
    outer loop
      vertex -28.7082 -23.7085 -0.05
      vertex -28.4858 -24.4105 -0.05
      vertex -28.7082 -23.7085 0.05
    endloop
  endfacet
  facet normal -0.590598 -0.187107 -0.784974
    outer loop
      vertex -28.7082 -23.7085 -0.05
      vertex -0.05 7.71059 -29.1009
      vertex -28.4858 -24.4105 -0.05
    endloop
  endfacet
  facet normal -0.945611 -0.3253 0
    outer loop
      vertex -28.4858 -24.4105 -0.05
      vertex -28.2463 -25.1067 0.05
      vertex -28.4858 -24.4105 0.05
    endloop
  endfacet
  facet normal 0.676051 -0.0582421 0.734549
    outer loop
      vertex 29.9187 -17.2069 0.05
      vertex 0.05 12.7931 29.9187
      vertex 29.8555 -17.9405 0.05
    endloop
  endfacet
  facet normal 0 -0.061389 0.998114
    outer loop
      vertex 0.05 12.7931 29.9187
      vertex 0.05 13.528 29.9639
      vertex -0.05 12.7931 29.9187
    endloop
  endfacet
  facet normal 0.649679 -0.102318 0.753291
    outer loop
      vertex 29.6753 -19.4019 0.05
      vertex 0.05 11.3277 29.7744
      vertex 0.05 10.5981 29.6753
    endloop
  endfacet
  facet normal 0.65775 -0.0893408 0.747919
    outer loop
      vertex 29.7744 -18.6723 0.05
      vertex 0.05 11.3277 29.7744
      vertex 29.6753 -19.4019 0.05
    endloop
  endfacet
  facet normal 0 -0.348376 0.937355
    outer loop
      vertex -0.05 4.20315 27.9898
      vertex 0.05 4.20315 27.9898
      vertex -0.05 4.8933 28.2463
    endloop
  endfacet
  facet normal 0.8105 -0.585738 0
    outer loop
      vertex 24.0962 -32.871 0.05
      vertex 24.0962 -32.871 -0.05
      vertex 24.5275 -32.2742 0.05
    endloop
  endfacet
  facet normal -0.508422 -0.2801 0.814279
    outer loop
      vertex -0.05 4.8933 28.2463
      vertex -0.05 5.58955 28.4858
      vertex -26.1026 -29.7869 0.05
    endloop
  endfacet
  facet normal 0.945611 -0.3253 0
    outer loop
      vertex 28.2463 -25.1067 -0.05
      vertex 28.4858 -24.4105 0.05
      vertex 28.2463 -25.1067 0.05
    endloop
  endfacet
  facet normal 0 -0.254797 0.966994
    outer loop
      vertex 0.05 7.71059 29.1009
      vertex -0.05 7.71059 29.1009
      vertex 0.05 6.99862 28.9133
    endloop
  endfacet
  facet normal -0.607557 -0.164509 0.777053
    outer loop
      vertex -28.9133 -23.0014 0.05
      vertex -0.05 8.42696 29.2711
      vertex -0.05 9.14729 29.4236
    endloop
  endfacet
  facet normal -0.476581 -0.310025 -0.822651
    outer loop
      vertex -25.3456 -31.0499 -0.05
      vertex -0.05 4.20315 -27.9898
      vertex -24.9441 -31.6671 -0.05
    endloop
  endfacet
  facet normal -0.399361 -0.371004 0.838372
    outer loop
      vertex -0.05 2.84276 27.4263
      vertex -22.2285 -35.1468 0.05
      vertex -21.7274 -35.6862 0.05
    endloop
  endfacet
  facet normal -0.795824 -0.605527 0
    outer loop
      vertex -24.0962 -32.871 0.05
      vertex -23.6504 -33.4569 -0.05
      vertex -23.6504 -33.4569 0.05
    endloop
  endfacet
  facet normal 0.417406 -0.358034 -0.835215
    outer loop
      vertex 0.05 2.84276 -27.4263
      vertex 0.05 3.5195 -27.7164
      vertex 22.7163 -34.5952 -0.05
    endloop
  endfacet
  facet normal -0.421766 -0.35484 0.834387
    outer loop
      vertex -22.7163 -34.5952 0.05
      vertex -0.05 3.5195 27.7164
      vertex -23.1903 -34.0318 0.05
    endloop
  endfacet
  facet normal -0.417406 -0.358034 0.835215
    outer loop
      vertex -0.05 2.84276 27.4263
      vertex -0.05 3.5195 27.7164
      vertex -22.7163 -34.5952 0.05
    endloop
  endfacet
  facet normal 0 -0.30205 -0.953292
    outer loop
      vertex -0.05 5.58955 -28.4858
      vertex -0.05 6.29146 -28.7082
      vertex 0.05 5.58955 -28.4858
    endloop
  endfacet
  facet normal 0.8105 -0.585738 0
    outer loop
      vertex 24.5275 -32.2742 0.05
      vertex 24.0962 -32.871 -0.05
      vertex 24.5275 -32.2742 -0.05
    endloop
  endfacet
  facet normal 0.200903 -0.468635 -0.860244
    outer loop
      vertex 0.05 0.858098 -26.4576
      vertex 12.1572 -42.4263 -0.05
      vertex 11.4805 -42.7164 -0.05
    endloop
  endfacet
  facet normal -0.698361 -0.715746 0
    outer loop
      vertex -20.6862 -36.7274 -0.05
      vertex -20.6862 -36.7274 0.05
      vertex -21.2132 -36.2132 -0.05
    endloop
  endfacet
  facet normal -0.662457 -0.7491 -0
    outer loop
      vertex -19.5952 -37.7163 0.05
      vertex -20.1468 -37.2285 -0.05
      vertex -19.5952 -37.7163 -0.05
    endloop
  endfacet
  facet normal -0 -0.348376 -0.937355
    outer loop
      vertex 0.05 4.8933 -28.2463
      vertex -0.05 4.20315 -27.9898
      vertex -0.05 4.8933 -28.2463
    endloop
  endfacet
  facet normal 0.30205 -0.953292 0
    outer loop
      vertex 9.41045 -43.4858 0.05
      vertex 8.70854 -43.7082 -0.05
      vertex 9.41045 -43.4858 -0.05
    endloop
  endfacet
  facet normal 0.152644 -0.481756 0.862908
    outer loop
      vertex 8.70854 -43.7082 0.05
      vertex 9.41045 -43.4858 0.05
      vertex 0.05 0.213054 26.1026
    endloop
  endfacet
  facet normal 0.103997 -0.491229 0.8648
    outer loop
      vertex 0.05 0.213054 26.1026
      vertex 5.85271 -44.4236 0.05
      vertex 6.57304 -44.2711 0.05
    endloop
  endfacet
  facet normal 0.0796027 -0.494591 -0.865473
    outer loop
      vertex 4.40191 -44.6753 -0.05
      vertex 0.05 0.213054 -26.1026
      vertex 5.12886 -44.5583 -0.05
    endloop
  endfacet
  facet normal 0 -0.158899 -0.987295
    outer loop
      vertex -0.05 9.87114 -29.5583
      vertex 0.05 10.5981 -29.6753
      vertex 0.05 9.87114 -29.5583
    endloop
  endfacet
  facet normal -0 -0.348376 -0.937355
    outer loop
      vertex 0.05 4.20315 -27.9898
      vertex -0.05 4.20315 -27.9898
      vertex 0.05 4.8933 -28.2463
    endloop
  endfacet
  facet normal 0.622746 -0.143143 -0.769218
    outer loop
      vertex 0.05 9.87114 -29.5583
      vertex 29.2711 -21.573 -0.05
      vertex 0.05 9.14729 -29.4236
    endloop
  endfacet
  facet normal 0.945611 -0.3253 0
    outer loop
      vertex 28.4858 -24.4105 -0.05
      vertex 28.4858 -24.4105 0.05
      vertex 28.2463 -25.1067 -0.05
    endloop
  endfacet
  facet normal -0.580675 -0.199758 -0.789249
    outer loop
      vertex -28.4858 -24.4105 -0.05
      vertex -0.05 7.71059 -29.1009
      vertex -28.2463 -25.1067 -0.05
    endloop
  endfacet
  facet normal 0.590598 -0.187107 -0.784974
    outer loop
      vertex 28.4858 -24.4105 -0.05
      vertex 0.05 7.71059 -29.1009
      vertex 28.7082 -23.7085 -0.05
    endloop
  endfacet
  facet normal -0.649679 -0.102318 -0.753291
    outer loop
      vertex -0.05 11.3277 -29.7744
      vertex -0.05 10.5981 -29.6753
      vertex -29.6753 -19.4019 -0.05
    endloop
  endfacet
  facet normal 0 -0.158899 -0.987295
    outer loop
      vertex -0.05 10.5981 -29.6753
      vertex 0.05 10.5981 -29.6753
      vertex -0.05 9.87114 -29.5583
    endloop
  endfacet
  facet normal 0.619914 -0.147277 0.770725
    outer loop
      vertex 29.1009 -22.2894 0.05
      vertex 29.2711 -21.573 0.05
      vertex 0.05 9.14729 29.4236
    endloop
  endfacet
  facet normal 0.966997 -0.254787 0
    outer loop
      vertex 29.1009 -22.2894 0.05
      vertex 28.9133 -23.0014 -0.05
      vertex 29.1009 -22.2894 -0.05
    endloop
  endfacet
  facet normal -0 -0.278554 -0.960421
    outer loop
      vertex 0.05 6.29146 -28.7082
      vertex -0.05 6.29146 -28.7082
      vertex 0.05 6.99862 -28.9133
    endloop
  endfacet
  facet normal 0.919103 -0.394018 0
    outer loop
      vertex 27.7164 -26.4805 0.05
      vertex 27.4263 -27.1572 -0.05
      vertex 27.7164 -26.4805 -0.05
    endloop
  endfacet
  facet normal -0.388094 -0.378667 -0.840235
    outer loop
      vertex -21.7274 -35.6862 -0.05
      vertex -0.05 2.84276 -27.4263
      vertex -21.2132 -36.2132 -0.05
    endloop
  endfacet
  facet normal 0.353931 -0.400222 -0.845313
    outer loop
      vertex 0.05 2.17335 -27.1197
      vertex 20.1468 -37.2285 -0.05
      vertex 19.5952 -37.7163 -0.05
    endloop
  endfacet
  facet normal 0.7491 -0.662457 0
    outer loop
      vertex 22.7163 -34.5952 -0.05
      vertex 22.7163 -34.5952 0.05
      vertex 22.2285 -35.1468 -0.05
    endloop
  endfacet
  facet normal 0.365361 -0.393287 0.843704
    outer loop
      vertex 20.1468 -37.2285 0.05
      vertex 20.6862 -36.7274 0.05
      vertex 0.05 2.17335 27.1197
    endloop
  endfacet
  facet normal 0 -0.37132 -0.928505
    outer loop
      vertex -0.05 4.20315 -27.9898
      vertex 0.05 3.5195 -27.7164
      vertex -0.05 3.5195 -27.7164
    endloop
  endfacet
  facet normal 0.454864 -0.328725 -0.827671
    outer loop
      vertex 24.0962 -32.871 -0.05
      vertex 0.05 4.20315 -27.9898
      vertex 24.5275 -32.2742 -0.05
    endloop
  endfacet
  facet normal 0.7491 -0.662457 0
    outer loop
      vertex 22.2285 -35.1468 -0.05
      vertex 22.7163 -34.5952 0.05
      vertex 22.2285 -35.1468 0.05
    endloop
  endfacet
  facet normal 0.417406 -0.358034 0.835215
    outer loop
      vertex 0.05 2.84276 27.4263
      vertex 22.7163 -34.5952 0.05
      vertex 0.05 3.5195 27.7164
    endloop
  endfacet
  facet normal 0 -0.416416 0.909174
    outer loop
      vertex -0.05 2.84276 27.4263
      vertex 0.05 2.17335 27.1197
      vertex 0.05 2.84276 27.4263
    endloop
  endfacet
  facet normal -0.182419 -0.474064 0.861386
    outer loop
      vertex -0.05 0.858098 26.4576
      vertex -10.7969 -42.9898 0.05
      vertex -0.05 0.213054 26.1026
    endloop
  endfacet
  facet normal 0.482179 -0.876072 0
    outer loop
      vertex 14.7869 -41.1026 0.05
      vertex 14.1419 -41.4576 0.05
      vertex 14.7869 -41.1026 -0.05
    endloop
  endfacet
  facet normal 0.319248 -0.419576 0.849727
    outer loop
      vertex 18.4569 -38.6504 0.05
      vertex 0.05 1.51166 26.7967
      vertex 17.871 -39.0962 0.05
    endloop
  endfacet
  facet normal 0.524666 -0.851308 0
    outer loop
      vertex 16.0499 -40.3456 -0.05
      vertex 16.0499 -40.3456 0.05
      vertex 15.4231 -40.7319 -0.05
    endloop
  endfacet
  facet normal 0.680618 -0.732639 0
    outer loop
      vertex 20.1468 -37.2285 -0.05
      vertex 20.6862 -36.7274 0.05
      vertex 20.1468 -37.2285 0.05
    endloop
  endfacet
  facet normal -0.410558 -0.363071 -0.836434
    outer loop
      vertex -22.7163 -34.5952 -0.05
      vertex -0.05 2.84276 -27.4263
      vertex -22.2285 -35.1468 -0.05
    endloop
  endfacet
  facet normal 0.30756 -0.425578 -0.851052
    outer loop
      vertex 0.05 1.51166 -26.7967
      vertex 17.871 -39.0962 -0.05
      vertex 17.2742 -39.5275 -0.05
    endloop
  endfacet
  facet normal 0.624844 -0.78075 0
    outer loop
      vertex 18.4569 -38.6504 -0.05
      vertex 19.0318 -38.1903 -0.05
      vertex 18.4569 -38.6504 0.05
    endloop
  endfacet
  facet normal 0 -0.416416 0.909174
    outer loop
      vertex -0.05 2.17335 27.1197
      vertex 0.05 2.17335 27.1197
      vertex -0.05 2.84276 27.4263
    endloop
  endfacet
  facet normal 0.503449 -0.864025 0
    outer loop
      vertex 15.4231 -40.7319 0.05
      vertex 14.7869 -41.1026 0.05
      vertex 15.4231 -40.7319 -0.05
    endloop
  endfacet
  facet normal -0.353931 -0.400222 0.845313
    outer loop
      vertex -19.5952 -37.7163 0.05
      vertex -0.05 2.17335 27.1197
      vertex -20.1468 -37.2285 0.05
    endloop
  endfacet
  facet normal -0.248687 -0.451839 0.856736
    outer loop
      vertex -0.05 0.858098 26.4576
      vertex -14.7869 -41.1026 0.05
      vertex -14.1419 -41.4576 0.05
    endloop
  endfacet
  facet normal -0.394018 -0.919103 -0
    outer loop
      vertex -11.4805 -42.7164 0.05
      vertex -12.1572 -42.4263 0.05
      vertex -11.4805 -42.7164 -0.05
    endloop
  endfacet
  facet normal -0.116227 -0.489198 -0.864394
    outer loop
      vertex -6.57304 -44.2711 -0.05
      vertex -7.28941 -44.1009 -0.05
      vertex -0.05 0.213054 -26.1026
    endloop
  endfacet
  facet normal -0.231152 -0.972918 -0
    outer loop
      vertex -6.57304 -44.2711 0.05
      vertex -7.28941 -44.1009 -0.05
      vertex -6.57304 -44.2711 -0.05
    endloop
  endfacet
  facet normal -0.0306662 -0.498604 -0.866287
    outer loop
      vertex -1.47203 -44.9639 -0.05
      vertex -2.20694 -44.9187 -0.05
      vertex -0.05 0.213054 -26.1026
    endloop
  endfacet
  facet normal -0.0183803 -0.499045 0.866381
    outer loop
      vertex -1.47203 -44.9639 0.05
      vertex -0.736237 -44.991 0.05
      vertex -0.05 0.213054 26.1026
    endloop
  endfacet
  facet normal -0.0796027 -0.494591 -0.865473
    outer loop
      vertex -0.05 0.213054 -26.1026
      vertex -4.40191 -44.6753 -0.05
      vertex -5.12886 -44.5583 -0.05
    endloop
  endfacet
  facet normal -0.110147 -0.993915 -0
    outer loop
      vertex -3.67232 -44.7744 0.05
      vertex -3.67232 -44.7744 -0.05
      vertex -2.94051 -44.8555 0.05
    endloop
  endfacet
  facet normal -0.0306662 -0.498604 0.866287
    outer loop
      vertex -0.05 0.213054 26.1026
      vertex -2.20694 -44.9187 0.05
      vertex -1.47203 -44.9639 0.05
    endloop
  endfacet
  facet normal -0.0613881 -0.998114 0
    outer loop
      vertex -1.47203 -44.9639 -0.05
      vertex -2.20694 -44.9187 0.05
      vertex -2.20694 -44.9187 -0.05
    endloop
  endfacet
  facet normal 0.164708 -0.478823 -0.862323
    outer loop
      vertex 9.41045 -43.4858 -0.05
      vertex 0.05 0.213054 -26.1026
      vertex 10.1067 -43.2463 -0.05
    endloop
  endfacet
  facet normal 0.188871 -0.472246 -0.860994
    outer loop
      vertex 11.4805 -42.7164 -0.05
      vertex 10.7969 -42.9898 -0.05
      vertex 0.05 0.858098 -26.4576
    endloop
  endfacet
  facet normal -0.319248 -0.419576 -0.849727
    outer loop
      vertex -18.4569 -38.6504 -0.05
      vertex -0.05 1.51166 -26.7967
      vertex -17.871 -39.0962 -0.05
    endloop
  endfacet
  facet normal -0.565808 -0.824537 -0
    outer loop
      vertex -16.6671 -39.9441 0.05
      vertex -17.2742 -39.5275 -0.05
      vertex -16.6671 -39.9441 -0.05
    endloop
  endfacet
  facet normal -0.342368 -0.406942 -0.846866
    outer loop
      vertex -19.5952 -37.7163 -0.05
      vertex -0.05 2.17335 -27.1197
      vertex -19.0318 -38.1903 -0.05
    endloop
  endfacet
  facet normal -0.662457 -0.7491 -0
    outer loop
      vertex -20.1468 -37.2285 0.05
      vertex -20.1468 -37.2285 -0.05
      vertex -19.5952 -37.7163 0.05
    endloop
  endfacet
  facet normal 0.116227 -0.489198 -0.864394
    outer loop
      vertex 6.57304 -44.2711 -0.05
      vertex 0.05 0.213054 -26.1026
      vertex 7.28941 -44.1009 -0.05
    endloop
  endfacet
  facet normal 0.140512 -0.484469 -0.86345
    outer loop
      vertex 8.00138 -43.9133 -0.05
      vertex 0.05 0.213054 -26.1026
      vertex 8.70854 -43.7082 -0.05
    endloop
  endfacet
  facet normal 0 -0.499264 -0.86645
    outer loop
      vertex -0.05 0.213054 -26.1026
      vertex 0.05 0.213054 -26.1026
      vertex 0 -45 -0.05
    endloop
  endfacet
  facet normal 0.231152 -0.972918 0
    outer loop
      vertex 7.28941 -44.1009 0.05
      vertex 6.57304 -44.2711 -0.05
      vertex 7.28941 -44.1009 -0.05
    endloop
  endfacet
  facet normal -0.348354 -0.937363 -0
    outer loop
      vertex -10.1067 -43.2463 0.05
      vertex -10.7969 -42.9898 0.05
      vertex -10.1067 -43.2463 -0.05
    endloop
  endfacet
  facet normal -0.176767 -0.475652 -0.861689
    outer loop
      vertex -10.1067 -43.2463 -0.05
      vertex -10.7969 -42.9898 -0.05
      vertex -0.05 0.213054 -26.1026
    endloop
  endfacet
  facet normal -0.0673627 -0.495935 0.865743
    outer loop
      vertex -0.05 0.213054 26.1026
      vertex -4.40191 -44.6753 0.05
      vertex -3.67232 -44.7744 0.05
    endloop
  endfacet
  facet normal -0.116227 -0.489198 0.864394
    outer loop
      vertex -0.05 0.213054 26.1026
      vertex -7.28941 -44.1009 0.05
      vertex -6.57304 -44.2711 0.05
    endloop
  endfacet
  facet normal -0 0.3253 0.945611
    outer loop
      vertex -0.05 24.4105 28.4858
      vertex 0.05 24.4105 28.4858
      vertex -0.05 25.1067 28.2463
    endloop
  endfacet
  facet normal 0.797251 0.224161 0.560484
    outer loop
      vertex 28.9133 -6.99862 0.05
      vertex 0.05 26.4805 27.7164
      vertex 0.05 25.7969 27.9898
    endloop
  endfacet
  facet normal -0.807105 0.255731 0.532149
    outer loop
      vertex -28.7082 -6.29146 0.05
      vertex -0.05 27.8267 27.1197
      vertex -28.4858 -5.58955 0.05
    endloop
  endfacet
  facet normal -0 0.524666 0.851308
    outer loop
      vertex -0.05 30.4231 25.7319
      vertex 0.05 30.4231 25.7319
      vertex -0.05 31.0499 25.3456
    endloop
  endfacet
  facet normal 0 0.999925 0.0122234
    outer loop
      vertex 0.05 45 0
      vertex -0.05 44.991 0.736237
      vertex 0.05 44.991 0.736237
    endloop
  endfacet
  facet normal -0 0.999925 0.0122234
    outer loop
      vertex -0.05 45 0
      vertex -0.05 44.991 0.736237
      vertex 0.05 45 0
    endloop
  endfacet
  facet normal -0 0.996309 0.085836
    outer loop
      vertex -0.05 44.8555 2.94051
      vertex 0.05 44.8555 2.94051
      vertex -0.05 44.9187 2.20694
    endloop
  endfacet
  facet normal -0.866287 0.498604 0.0306662
    outer loop
      vertex -26.1026 -0.213054 0.05
      vertex -0.05 44.9187 2.20694
      vertex -0.05 44.9639 1.47203
    endloop
  endfacet
  facet normal 0.865969 0.497054 0.0550841
    outer loop
      vertex 0.05 44.7744 3.67232
      vertex 26.1026 -0.213054 0.05
      vertex 0.05 44.8555 2.94051
    endloop
  endfacet
  facet normal -0.865473 0.494591 0.0796027
    outer loop
      vertex -26.1026 -0.213054 0.05
      vertex -0.05 44.5583 5.12886
      vertex -0.05 44.6753 4.40191
    endloop
  endfacet
  facet normal -0 0.990901 0.134594
    outer loop
      vertex -0.05 44.7744 3.67232
      vertex 0.05 44.6753 4.40191
      vertex 0.05 44.7744 3.67232
    endloop
  endfacet
  facet normal -0 0.983123 0.182948
    outer loop
      vertex -0.05 44.4236 5.85271
      vertex 0.05 44.4236 5.85271
      vertex -0.05 44.5583 5.12886
    endloop
  endfacet
  facet normal 0.861386 0.474064 0.182419
    outer loop
      vertex 26.1026 -0.213054 0.05
      vertex 0.05 42.9898 10.7969
      vertex 26.4576 -0.858098 0.05
    endloop
  endfacet
  facet normal -0.859446 0.464805 0.212859
    outer loop
      vertex -26.4576 -0.858098 0.05
      vertex -0.05 42.1197 12.8267
      vertex -0.05 42.4263 12.1572
    endloop
  endfacet
  facet normal 0.845313 0.400222 0.353931
    outer loop
      vertex 27.1197 -2.17335 0.05
      vertex 0.05 37.7163 19.5952
      vertex 0.05 37.2285 20.1468
    endloop
  endfacet
  facet normal -0.845313 0.400222 0.353931
    outer loop
      vertex -27.1197 -2.17335 0.05
      vertex -0.05 37.2285 20.1468
      vertex -0.05 37.7163 19.5952
    endloop
  endfacet
  facet normal -0 0.8105 0.585738
    outer loop
      vertex -0.05 39.0962 17.871
      vertex 0.05 39.0962 17.871
      vertex -0.05 39.5275 17.2742
    endloop
  endfacet
  facet normal -0.849727 0.419576 0.319248
    outer loop
      vertex -26.7967 -1.51166 0.05
      vertex -0.05 38.6504 18.4569
      vertex -0.05 39.0962 17.871
    endloop
  endfacet
  facet normal 0.861689 0.475652 -0.176767
    outer loop
      vertex 0.05 42.9898 -10.7969
      vertex 0.05 43.2463 -10.1067
      vertex 26.1026 -0.213054 -0.05
    endloop
  endfacet
  facet normal 0 0.945618 -0.325279
    outer loop
      vertex -0.05 43.4858 -9.41045
      vertex 0.05 43.2463 -10.1067
      vertex -0.05 43.2463 -10.1067
    endloop
  endfacet
  facet normal 0.858589 0.460693 -0.224915
    outer loop
      vertex 26.4576 -0.858098 -0.05
      vertex 0.05 41.7967 -13.4883
      vertex 0.05 42.1197 -12.8267
    endloop
  endfacet
  facet normal 0 0.909196 -0.416369
    outer loop
      vertex 0.05 42.4263 -12.1572
      vertex -0.05 42.1197 -12.8267
      vertex -0.05 42.4263 -12.1572
    endloop
  endfacet
  facet normal 0 0.972918 0.231152
    outer loop
      vertex 0.05 44.2711 6.57304
      vertex -0.05 44.1009 7.28941
      vertex 0.05 44.1009 7.28941
    endloop
  endfacet
  facet normal 0 0.953292 0.30205
    outer loop
      vertex 0.05 43.4858 9.41045
      vertex 0.05 43.7082 8.70854
      vertex -0.05 43.4858 9.41045
    endloop
  endfacet
  facet normal -0.863947 0.486961 0.128311
    outer loop
      vertex -0.05 43.9133 8.00138
      vertex -0.05 44.1009 7.28941
      vertex -26.1026 -0.213054 0.05
    endloop
  endfacet
  facet normal 0 0.966994 0.254797
    outer loop
      vertex 0.05 43.9133 8.00138
      vertex -0.05 44.1009 7.28941
      vertex -0.05 43.9133 8.00138
    endloop
  endfacet
  facet normal -0 0.960421 0.278554
    outer loop
      vertex -0.05 43.7082 8.70854
      vertex 0.05 43.7082 8.70854
      vertex -0.05 43.9133 8.00138
    endloop
  endfacet
  facet normal -0.862323 0.478823 0.164708
    outer loop
      vertex -26.1026 -0.213054 0.05
      vertex -0.05 43.2463 10.1067
      vertex -0.05 43.4858 9.41045
    endloop
  endfacet
  facet normal 0 0.851308 0.524666
    outer loop
      vertex 0.05 40.3456 16.0499
      vertex -0.05 40.7319 15.4231
      vertex -0.05 40.3456 16.0499
    endloop
  endfacet
  facet normal -0 0.864025 0.503449
    outer loop
      vertex -0.05 41.1026 14.7869
      vertex -0.05 40.7319 15.4231
      vertex 0.05 41.1026 14.7869
    endloop
  endfacet
  facet normal -0 0.919103 0.394018
    outer loop
      vertex -0.05 42.4263 12.1572
      vertex 0.05 42.4263 12.1572
      vertex -0.05 42.7164 11.4805
    endloop
  endfacet
  facet normal -0 0.887646 0.460527
    outer loop
      vertex -0.05 41.7967 13.4883
      vertex -0.05 41.4576 14.1419
      vertex 0.05 41.7967 13.4883
    endloop
  endfacet
  facet normal 0.856736 0.451839 0.248687
    outer loop
      vertex 26.4576 -0.858098 0.05
      vertex 0.05 41.4576 14.1419
      vertex 0.05 41.1026 14.7869
    endloop
  endfacet
  facet normal 0.857691 0.456397 0.236787
    outer loop
      vertex 0.05 41.7967 13.4883
      vertex 0.05 41.4576 14.1419
      vertex 26.4576 -0.858098 0.05
    endloop
  endfacet
  facet normal -0 0.945618 0.325279
    outer loop
      vertex -0.05 43.4858 9.41045
      vertex 0.05 43.2463 10.1067
      vertex 0.05 43.4858 9.41045
    endloop
  endfacet
  facet normal 0 0.928495 0.371344
    outer loop
      vertex -0.05 42.7164 11.4805
      vertex 0.05 42.9898 10.7969
      vertex -0.05 42.9898 10.7969
    endloop
  endfacet
  facet normal 0 0.999322 -0.0368061
    outer loop
      vertex -0.05 44.991 -0.736237
      vertex 0.05 44.991 -0.736237
      vertex -0.05 44.9639 -1.47203
    endloop
  endfacet
  facet normal 0 0.999925 -0.0122234
    outer loop
      vertex -0.05 45 0
      vertex 0.05 44.991 -0.736237
      vertex -0.05 44.991 -0.736237
    endloop
  endfacet
  facet normal 0 0.996309 -0.085836
    outer loop
      vertex 0.05 44.8555 -2.94051
      vertex -0.05 44.9187 -2.20694
      vertex 0.05 44.9187 -2.20694
    endloop
  endfacet
  facet normal 0.866287 0.498604 -0.0306662
    outer loop
      vertex 26.1026 -0.213054 -0.05
      vertex 0.05 44.9187 -2.20694
      vertex 0.05 44.9639 -1.47203
    endloop
  endfacet
  facet normal -0.8648 0.491229 -0.103997
    outer loop
      vertex -26.1026 -0.213054 -0.05
      vertex -0.05 44.4236 -5.85271
      vertex -0.05 44.2711 -6.57304
    endloop
  endfacet
  facet normal -0.865473 0.494591 -0.0796027
    outer loop
      vertex -0.05 44.6753 -4.40191
      vertex -0.05 44.5583 -5.12886
      vertex -26.1026 -0.213054 -0.05
    endloop
  endfacet
  facet normal 0 0.993915 -0.110147
    outer loop
      vertex -0.05 44.8555 -2.94051
      vertex 0.05 44.7744 -3.67232
      vertex -0.05 44.7744 -3.67232
    endloop
  endfacet
  facet normal 0 0.990901 -0.134594
    outer loop
      vertex -0.05 44.7744 -3.67232
      vertex 0.05 44.7744 -3.67232
      vertex -0.05 44.6753 -4.40191
    endloop
  endfacet
  facet normal 0.864394 0.489198 -0.116227
    outer loop
      vertex 0.05 44.1009 -7.28941
      vertex 0.05 44.2711 -6.57304
      vertex 26.1026 -0.213054 -0.05
    endloop
  endfacet
  facet normal -0.864394 0.489198 -0.116227
    outer loop
      vertex -0.05 44.2711 -6.57304
      vertex -0.05 44.1009 -7.28941
      vertex -26.1026 -0.213054 -0.05
    endloop
  endfacet
  facet normal 0.865743 0.495935 -0.0673627
    outer loop
      vertex 0.05 44.6753 -4.40191
      vertex 0.05 44.7744 -3.67232
      vertex 26.1026 -0.213054 -0.05
    endloop
  endfacet
  facet normal 0 0.990901 -0.134594
    outer loop
      vertex -0.05 44.6753 -4.40191
      vertex 0.05 44.7744 -3.67232
      vertex 0.05 44.6753 -4.40191
    endloop
  endfacet
  facet normal 0 0.960421 -0.278554
    outer loop
      vertex 0.05 43.9133 -8.00138
      vertex -0.05 43.7082 -8.70854
      vertex -0.05 43.9133 -8.00138
    endloop
  endfacet
  facet normal -0.86345 0.484469 -0.140512
    outer loop
      vertex -0.05 43.9133 -8.00138
      vertex -0.05 43.7082 -8.70854
      vertex -26.1026 -0.213054 -0.05
    endloop
  endfacet
  facet normal 0 0.715746 -0.698361
    outer loop
      vertex -0.05 36.2132 -21.2132
      vertex -0.05 36.7274 -20.6862
      vertex 0.05 36.2132 -21.2132
    endloop
  endfacet
  facet normal 0 0.732639 -0.680618
    outer loop
      vertex 0.05 37.2285 -20.1468
      vertex -0.05 36.7274 -20.6862
      vertex -0.05 37.2285 -20.1468
    endloop
  endfacet
  facet normal 0.685036 -0.0421331 -0.72729
    outer loop
      vertex 29.9187 -17.2069 -0.05
      vertex 0.05 13.528 -29.9639
      vertex 29.9639 -16.472 -0.05
    endloop
  endfacet
  facet normal -0.71137 0.00859126 -0.702765
    outer loop
      vertex -0.05 15.7362 -29.991
      vertex -0.05 15 -30
      vertex -30 -15 -0.05
    endloop
  endfacet
  facet normal -0 -0.0368057 -0.999322
    outer loop
      vertex 0.05 13.528 -29.9639
      vertex -0.05 13.528 -29.9639
      vertex 0.05 14.2638 -29.991
    endloop
  endfacet
  facet normal 0 -0.110148 -0.993915
    outer loop
      vertex -0.05 11.3277 -29.7744
      vertex -0.05 12.0595 -29.8555
      vertex 0.05 11.3277 -29.7744
    endloop
  endfacet
  facet normal -0.998114 0.061389 0
    outer loop
      vertex -29.9187 -12.7931 0.05
      vertex -29.9187 -12.7931 -0.05
      vertex -29.9639 -13.528 0.05
    endloop
  endfacet
  facet normal -0.99631 0.0858326 0
    outer loop
      vertex -29.8555 -12.0595 0.05
      vertex -29.9187 -12.7931 -0.05
      vertex -29.9187 -12.7931 0.05
    endloop
  endfacet
  facet normal 0.74139 0.0739176 -0.66699
    outer loop
      vertex 0.05 17.9405 -29.8555
      vertex 0.05 18.6723 -29.7744
      vertex 29.8555 -12.0595 -0.05
    endloop
  endfacet
  facet normal 0.74513 0.0825773 -0.661787
    outer loop
      vertex 29.8555 -12.0595 -0.05
      vertex 0.05 18.6723 -29.7744
      vertex 29.7744 -11.3277 -0.05
    endloop
  endfacet
  facet normal 0 0.110148 -0.993915
    outer loop
      vertex -0.05 18.6723 -29.7744
      vertex 0.05 18.6723 -29.7744
      vertex -0.05 17.9405 -29.8555
    endloop
  endfacet
  facet normal 0.753291 0.102318 -0.649679
    outer loop
      vertex 29.6753 -10.5981 -0.05
      vertex 29.7744 -11.3277 -0.05
      vertex 0.05 19.4019 -29.6753
    endloop
  endfacet
  facet normal 0 0.0858326 -0.99631
    outer loop
      vertex -0.05 17.9405 -29.8555
      vertex 0.05 17.2069 -29.9187
      vertex -0.05 17.2069 -29.9187
    endloop
  endfacet
  facet normal 0 0.0858326 -0.99631
    outer loop
      vertex 0.05 17.9405 -29.8555
      vertex 0.05 17.2069 -29.9187
      vertex -0.05 17.9405 -29.8555
    endloop
  endfacet
  facet normal 0 0.207126 -0.978314
    outer loop
      vertex -0.05 20.8527 -29.4236
      vertex 0.05 21.573 -29.2711
      vertex 0.05 20.8527 -29.4236
    endloop
  endfacet
  facet normal 0.761342 0.122534 -0.636667
    outer loop
      vertex 29.6753 -10.5981 -0.05
      vertex 0.05 20.8527 -29.4236
      vertex 29.5583 -9.87114 -0.05
    endloop
  endfacet
  facet normal 0.998114 0.061389 -0
    outer loop
      vertex 29.9639 -13.528 -0.05
      vertex 29.9187 -12.7931 0.05
      vertex 29.9639 -13.528 0.05
    endloop
  endfacet
  facet normal 0.998114 0.061389 -0
    outer loop
      vertex 29.9187 -12.7931 -0.05
      vertex 29.9187 -12.7931 0.05
      vertex 29.9639 -13.528 -0.05
    endloop
  endfacet
  facet normal -0 0.732639 0.680618
    outer loop
      vertex -0.05 36.7274 20.6862
      vertex 0.05 36.7274 20.6862
      vertex -0.05 37.2285 20.1468
    endloop
  endfacet
  facet normal 0 0.715746 0.698361
    outer loop
      vertex 0.05 36.7274 20.6862
      vertex -0.05 36.2132 21.2132
      vertex 0.05 36.2132 21.2132
    endloop
  endfacet
  facet normal 0.846866 0.406942 0.342368
    outer loop
      vertex 0.05 38.1903 19.0318
      vertex 0.05 37.7163 19.5952
      vertex 27.1197 -2.17335 0.05
    endloop
  endfacet
  facet normal 0 0.765207 0.643784
    outer loop
      vertex 0.05 38.1903 19.0318
      vertex -0.05 38.1903 19.0318
      vertex 0.05 37.7163 19.5952
    endloop
  endfacet
  facet normal 0 0.698361 -0.715746
    outer loop
      vertex -0.05 36.2132 -21.2132
      vertex 0.05 35.6862 -21.7274
      vertex -0.05 35.6862 -21.7274
    endloop
  endfacet
  facet normal 0.84192 0.385612 -0.377457
    outer loop
      vertex 27.1197 -2.17335 -0.05
      vertex 27.4263 -2.84276 -0.05
      vertex 0.05 36.2132 -21.2132
    endloop
  endfacet
  facet normal 0.838372 0.371004 -0.399361
    outer loop
      vertex 0.05 35.1468 -22.2285
      vertex 0.05 35.6862 -21.7274
      vertex 27.4263 -2.84276 -0.05
    endloop
  endfacet
  facet normal 0 0.680618 -0.732639
    outer loop
      vertex -0.05 35.1468 -22.2285
      vertex 0.05 35.6862 -21.7274
      vertex 0.05 35.1468 -22.2285
    endloop
  endfacet
  facet normal -0.780447 0.174172 -0.600472
    outer loop
      vertex -29.2711 -8.42696 -0.05
      vertex -0.05 23.7085 -28.7082
      vertex -0.05 23.0014 -28.9133
    endloop
  endfacet
  facet normal 0 0.3253 -0.945611
    outer loop
      vertex -0.05 25.1067 -28.2463
      vertex 0.05 24.4105 -28.4858
      vertex -0.05 24.4105 -28.4858
    endloop
  endfacet
  facet normal -0.793344 0.212069 -0.570642
    outer loop
      vertex -0.05 25.7969 -27.9898
      vertex -0.05 25.1067 -28.2463
      vertex -28.9133 -6.99862 -0.05
    endloop
  endfacet
  facet normal 0 0.302015 -0.953303
    outer loop
      vertex -0.05 24.4105 -28.4858
      vertex 0.05 24.4105 -28.4858
      vertex -0.05 23.7085 -28.7082
    endloop
  endfacet
  facet normal -0.953292 0.30205 0
    outer loop
      vertex -28.4858 -5.58955 -0.05
      vertex -28.7082 -6.29146 -0.05
      vertex -28.4858 -5.58955 0.05
    endloop
  endfacet
  facet normal 0.814279 0.2801 -0.508422
    outer loop
      vertex 28.4858 -5.58955 -0.05
      vertex 0.05 29.7869 -26.1026
      vertex 28.2463 -4.8933 -0.05
    endloop
  endfacet
  facet normal -0.807922 0.258532 0.52955
    outer loop
      vertex -28.4858 -5.58955 0.05
      vertex -0.05 27.8267 27.1197
      vertex -0.05 28.4883 26.7967
    endloop
  endfacet
  facet normal -0.814227 0.279927 -0.508601
    outer loop
      vertex -28.4858 -5.58955 -0.05
      vertex -0.05 29.7869 -26.1026
      vertex -0.05 29.1419 -26.4576
    endloop
  endfacet
  facet normal -0.987295 0.158899 0
    outer loop
      vertex -29.6753 -10.5981 -0.05
      vertex -29.5583 -9.87114 0.05
      vertex -29.5583 -9.87114 -0.05
    endloop
  endfacet
  facet normal -0.987295 0.158899 0
    outer loop
      vertex -29.6753 -10.5981 0.05
      vertex -29.5583 -9.87114 0.05
      vertex -29.6753 -10.5981 -0.05
    endloop
  endfacet
  facet normal -0.983123 0.182948 0
    outer loop
      vertex -29.4236 -9.14729 0.05
      vertex -29.4236 -9.14729 -0.05
      vertex -29.5583 -9.87114 0.05
    endloop
  endfacet
  facet normal -0.978316 0.207118 0
    outer loop
      vertex -29.2711 -8.42696 0.05
      vertex -29.4236 -9.14729 -0.05
      vertex -29.4236 -9.14729 0.05
    endloop
  endfacet
  facet normal 0 0.158891 -0.987296
    outer loop
      vertex -0.05 20.1289 -29.5583
      vertex 0.05 20.1289 -29.5583
      vertex -0.05 19.4019 -29.6753
    endloop
  endfacet
  facet normal -0.759899 0.118931 -0.639069
    outer loop
      vertex -29.6753 -10.5981 -0.05
      vertex -0.05 20.8527 -29.4236
      vertex -0.05 20.1289 -29.5583
    endloop
  endfacet
  facet normal -0.747919 0.0893408 -0.65775
    outer loop
      vertex -29.7744 -11.3277 -0.05
      vertex -0.05 19.4019 -29.6753
      vertex -0.05 18.6723 -29.7744
    endloop
  endfacet
  facet normal -0.753291 0.102318 -0.649679
    outer loop
      vertex -29.6753 -10.5981 -0.05
      vertex -0.05 19.4019 -29.6753
      vertex -29.7744 -11.3277 -0.05
    endloop
  endfacet
  facet normal 0 0.887646 -0.460527
    outer loop
      vertex 0.05 41.7967 -13.4883
      vertex -0.05 41.4576 -14.1419
      vertex -0.05 41.7967 -13.4883
    endloop
  endfacet
  facet normal 0 0.876072 -0.482179
    outer loop
      vertex 0.05 41.4576 -14.1419
      vertex 0.05 41.1026 -14.7869
      vertex -0.05 41.4576 -14.1419
    endloop
  endfacet
  facet normal 0.851052 0.425578 -0.30756
    outer loop
      vertex 0.05 39.0962 -17.871
      vertex 0.05 39.5275 -17.2742
      vertex 26.7967 -1.51166 -0.05
    endloop
  endfacet
  facet normal 0 0.8105 -0.585738
    outer loop
      vertex 0.05 39.5275 -17.2742
      vertex -0.05 39.0962 -17.871
      vertex -0.05 39.5275 -17.2742
    endloop
  endfacet
  facet normal 0 0.876072 -0.482179
    outer loop
      vertex -0.05 41.4576 -14.1419
      vertex 0.05 41.1026 -14.7869
      vertex -0.05 41.1026 -14.7869
    endloop
  endfacet
  facet normal 0.855025 0.443629 -0.268562
    outer loop
      vertex 26.7967 -1.51166 -0.05
      vertex 0.05 40.7319 -15.4231
      vertex 26.4576 -0.858098 -0.05
    endloop
  endfacet
  facet normal -0.928505 0.37132 0
    outer loop
      vertex -27.7164 -3.5195 -0.05
      vertex -27.9898 -4.20315 0.05
      vertex -27.7164 -3.5195 0.05
    endloop
  endfacet
  facet normal -0.828364 0.331273 0.451742
    outer loop
      vertex -27.7164 -3.5195 0.05
      vertex -27.9898 -4.20315 0.05
      vertex -0.05 32.871 24.0962
    endloop
  endfacet
  facet normal -0.838372 0.371004 0.399361
    outer loop
      vertex -27.4263 -2.84276 0.05
      vertex -0.05 35.1468 22.2285
      vertex -0.05 35.6862 21.7274
    endloop
  endfacet
  facet normal -0.834387 0.35484 0.421766
    outer loop
      vertex -0.05 34.0318 23.1903
      vertex -0.05 34.5952 22.7163
      vertex -27.7164 -3.5195 0.05
    endloop
  endfacet
  facet normal 0.830013 0.33773 -0.443867
    outer loop
      vertex 0.05 32.871 -24.0962
      vertex 0.05 33.4569 -23.6504
      vertex 27.7164 -3.5195 -0.05
    endloop
  endfacet
  facet normal 0 0.605527 -0.795824
    outer loop
      vertex -0.05 32.871 -24.0962
      vertex 0.05 33.4569 -23.6504
      vertex 0.05 32.871 -24.0962
    endloop
  endfacet
  facet normal 0 0.503449 -0.864025
    outer loop
      vertex 0.05 30.4231 -25.7319
      vertex -0.05 29.7869 -26.1026
      vertex -0.05 30.4231 -25.7319
    endloop
  endfacet
  facet normal -0.821385 0.305275 -0.481802
    outer loop
      vertex -27.9898 -4.20315 -0.05
      vertex -0.05 31.0499 -25.3456
      vertex -28.2463 -4.8933 -0.05
    endloop
  endfacet
  facet normal 0 0.545294 -0.838245
    outer loop
      vertex 0.05 31.6671 -24.9441
      vertex -0.05 31.0499 -25.3456
      vertex -0.05 31.6671 -24.9441
    endloop
  endfacet
  facet normal 0 0.545294 -0.838245
    outer loop
      vertex 0.05 31.0499 -25.3456
      vertex -0.05 31.0499 -25.3456
      vertex 0.05 31.6671 -24.9441
    endloop
  endfacet
  facet normal -0.832241 0.346423 0.432859
    outer loop
      vertex -27.7164 -3.5195 0.05
      vertex -0.05 33.4569 23.6504
      vertex -0.05 34.0318 23.1903
    endloop
  endfacet
  facet normal -0 0.585738 0.8105
    outer loop
      vertex -0.05 32.2742 24.5275
      vertex 0.05 32.2742 24.5275
      vertex -0.05 32.871 24.0962
    endloop
  endfacet
  facet normal 0.84192 0.385612 0.377457
    outer loop
      vertex 0.05 36.2132 21.2132
      vertex 27.4263 -2.84276 0.05
      vertex 27.1197 -2.17335 0.05
    endloop
  endfacet
  facet normal 0.840235 0.378667 0.388094
    outer loop
      vertex 0.05 35.6862 21.7274
      vertex 27.4263 -2.84276 0.05
      vertex 0.05 36.2132 21.2132
    endloop
  endfacet
  facet normal -0.978314 -0.207126 0
    outer loop
      vertex -29.2711 -21.573 -0.05
      vertex -29.4236 -20.8527 0.05
      vertex -29.4236 -20.8527 -0.05
    endloop
  endfacet
  facet normal -0.978314 -0.207126 -0
    outer loop
      vertex -29.2711 -21.573 0.05
      vertex -29.4236 -20.8527 0.05
      vertex -29.2711 -21.573 -0.05
    endloop
  endfacet
  facet normal 0 -0.134592 0.990901
    outer loop
      vertex 0.05 10.5981 29.6753
      vertex -0.05 11.3277 29.7744
      vertex -0.05 10.5981 29.6753
    endloop
  endfacet
  facet normal -0.990901 -0.134592 0
    outer loop
      vertex -29.7744 -18.6723 -0.05
      vertex -29.6753 -19.4019 0.05
      vertex -29.7744 -18.6723 0.05
    endloop
  endfacet
  facet normal 0 -0.0858326 0.99631
    outer loop
      vertex 0.05 12.0595 29.8555
      vertex -0.05 12.7931 29.9187
      vertex -0.05 12.0595 29.8555
    endloop
  endfacet
  facet normal -0.66699 -0.0739176 -0.74139
    outer loop
      vertex -29.8555 -17.9405 -0.05
      vertex -0.05 12.0595 -29.8555
      vertex -29.7744 -18.6723 -0.05
    endloop
  endfacet
  facet normal 0 0.134592 0.990901
    outer loop
      vertex 0.05 18.6723 29.7744
      vertex -0.05 19.4019 29.6753
      vertex -0.05 18.6723 29.7744
    endloop
  endfacet
  facet normal 0 0.0858326 0.99631
    outer loop
      vertex 0.05 17.2069 29.9187
      vertex -0.05 17.9405 29.8555
      vertex -0.05 17.2069 29.9187
    endloop
  endfacet
  facet normal 0 0.0368057 0.999322
    outer loop
      vertex 0.05 16.472 29.9639
      vertex -0.05 16.472 29.9639
      vertex 0.05 15.7362 29.991
    endloop
  endfacet
  facet normal 0.72729 0.0421331 0.685036
    outer loop
      vertex 29.9639 -13.528 0.05
      vertex 0.05 17.2069 29.9187
      vertex 0.05 16.472 29.9639
    endloop
  endfacet
  facet normal -0.685036 -0.0421331 0.72729
    outer loop
      vertex -0.05 13.528 29.9639
      vertex -29.9639 -16.472 0.05
      vertex -29.9187 -17.2069 0.05
    endloop
  endfacet
  facet normal -0.693955 -0.0255588 0.719564
    outer loop
      vertex -29.991 -15.7362 0.05
      vertex -29.9639 -16.472 0.05
      vertex -0.05 14.2638 29.991
    endloop
  endfacet
  facet normal 0 -0.0368057 0.999322
    outer loop
      vertex -0.05 14.2638 29.991
      vertex 0.05 13.528 29.9639
      vertex 0.05 14.2638 29.991
    endloop
  endfacet
  facet normal -0.71137 0.00859126 0.702765
    outer loop
      vertex -30 -15 0.05
      vertex -0.05 15 30
      vertex -0.05 15.7362 29.991
    endloop
  endfacet
  facet normal 0 -0.207118 0.978316
    outer loop
      vertex 0.05 9.14729 29.4236
      vertex -0.05 8.42696 29.2711
      vertex 0.05 8.42696 29.2711
    endloop
  endfacet
  facet normal -0.553677 -0.231961 -0.799773
    outer loop
      vertex -0.05 6.99862 -28.9133
      vertex -0.05 6.29146 -28.7082
      vertex -27.7164 -26.4805 -0.05
    endloop
  endfacet
  facet normal 0 -0.254797 -0.966994
    outer loop
      vertex -0.05 7.71059 -29.1009
      vertex 0.05 7.71059 -29.1009
      vertex -0.05 6.99862 -28.9133
    endloop
  endfacet
  facet normal -0 -0.182948 -0.983123
    outer loop
      vertex 0.05 9.14729 -29.4236
      vertex -0.05 9.14729 -29.4236
      vertex 0.05 9.87114 -29.5583
    endloop
  endfacet
  facet normal 0.693955 -0.0255588 0.719564
    outer loop
      vertex 29.991 -15.7362 0.05
      vertex 0.05 14.2638 29.991
      vertex 29.9639 -16.472 0.05
    endloop
  endfacet
  facet normal -0 0.012224 0.999925
    outer loop
      vertex -0.05 15.7362 29.991
      vertex -0.05 15 30
      vertex 0.05 15.7362 29.991
    endloop
  endfacet
  facet normal -0.851308 -0.524666 0
    outer loop
      vertex -25.3456 -31.0499 -0.05
      vertex -25.3456 -31.0499 0.05
      vertex -25.7319 -30.4231 -0.05
    endloop
  endfacet
  facet normal -0.838245 -0.545294 0
    outer loop
      vertex -24.9441 -31.6671 -0.05
      vertex -25.3456 -31.0499 0.05
      vertex -25.3456 -31.0499 -0.05
    endloop
  endfacet
  facet normal 0.629545 -0.133285 0.765447
    outer loop
      vertex 0.05 9.87114 29.5583
      vertex 29.2711 -21.573 0.05
      vertex 29.4236 -20.8527 0.05
    endloop
  endfacet
  facet normal 0.622746 -0.143143 0.769218
    outer loop
      vertex 0.05 9.14729 29.4236
      vertex 29.2711 -21.573 0.05
      vertex 0.05 9.87114 29.5583
    endloop
  endfacet
  facet normal 0 -0.207118 0.978316
    outer loop
      vertex -0.05 9.14729 29.4236
      vertex -0.05 8.42696 29.2711
      vertex 0.05 9.14729 29.4236
    endloop
  endfacet
  facet normal -0.919103 -0.394018 0
    outer loop
      vertex -27.4263 -27.1572 -0.05
      vertex -27.4263 -27.1572 0.05
      vertex -27.7164 -26.4805 -0.05
    endloop
  endfacet
  facet normal 0.33082 -0.413364 -0.848345
    outer loop
      vertex 0.05 2.17335 -27.1197
      vertex 19.0318 -38.1903 -0.05
      vertex 18.4569 -38.6504 -0.05
    endloop
  endfacet
  facet normal -0.732639 -0.680618 -0
    outer loop
      vertex -21.7274 -35.6862 0.05
      vertex -22.2285 -35.1468 -0.05
      vertex -21.7274 -35.6862 -0.05
    endloop
  endfacet
  facet normal -0.887646 -0.460527 -0
    outer loop
      vertex -26.4576 -29.1419 0.05
      vertex -26.7967 -28.4883 0.05
      vertex -26.4576 -29.1419 -0.05
    endloop
  endfacet
  facet normal -0.864025 -0.503449 -0
    outer loop
      vertex -25.7319 -30.4231 0.05
      vertex -26.1026 -29.7869 0.05
      vertex -25.7319 -30.4231 -0.05
    endloop
  endfacet
  facet normal -0.824537 -0.565808 0
    outer loop
      vertex -24.9441 -31.6671 -0.05
      vertex -24.5275 -32.2742 0.05
      vertex -24.9441 -31.6671 0.05
    endloop
  endfacet
  facet normal -0.824537 -0.565808 0
    outer loop
      vertex -24.5275 -32.2742 -0.05
      vertex -24.5275 -32.2742 0.05
      vertex -24.9441 -31.6671 -0.05
    endloop
  endfacet
  facet normal -0.342368 -0.406942 0.846866
    outer loop
      vertex -19.0318 -38.1903 0.05
      vertex -0.05 2.17335 27.1197
      vertex -19.5952 -37.7163 0.05
    endloop
  endfacet
  facet normal -0.329234 -0.414213 0.848547
    outer loop
      vertex -0.05 1.51166 26.7967
      vertex -0.05 2.17335 27.1197
      vertex -18.4569 -38.6504 0.05
    endloop
  endfacet
  facet normal -0.680618 -0.732639 0
    outer loop
      vertex -20.6862 -36.7274 0.05
      vertex -20.1468 -37.2285 -0.05
      vertex -20.1468 -37.2285 0.05
    endloop
  endfacet
  facet normal -0.680618 -0.732639 0
    outer loop
      vertex -20.6862 -36.7274 -0.05
      vertex -20.1468 -37.2285 -0.05
      vertex -20.6862 -36.7274 0.05
    endloop
  endfacet
  facet normal 0 -0.460548 0.887635
    outer loop
      vertex 0.05 0.858098 26.4576
      vertex 0.05 1.51166 26.7967
      vertex -0.05 0.858098 26.4576
    endloop
  endfacet
  facet normal -0.33082 -0.413364 0.848345
    outer loop
      vertex -18.4569 -38.6504 0.05
      vertex -0.05 2.17335 27.1197
      vertex -19.0318 -38.1903 0.05
    endloop
  endfacet
  facet normal 0.325279 -0.945618 0
    outer loop
      vertex 10.1067 -43.2463 -0.05
      vertex 9.41045 -43.4858 0.05
      vertex 9.41045 -43.4858 -0.05
    endloop
  endfacet
  facet normal 0.325279 -0.945618 0
    outer loop
      vertex 10.1067 -43.2463 0.05
      vertex 9.41045 -43.4858 0.05
      vertex 10.1067 -43.2463 -0.05
    endloop
  endfacet
  facet normal 0.140512 -0.484469 0.86345
    outer loop
      vertex 0.05 0.213054 26.1026
      vertex 8.00138 -43.9133 0.05
      vertex 8.70854 -43.7082 0.05
    endloop
  endfacet
  facet normal 0.128311 -0.486961 0.863947
    outer loop
      vertex 7.28941 -44.1009 0.05
      vertex 8.00138 -43.9133 0.05
      vertex 0.05 0.213054 26.1026
    endloop
  endfacet
  facet normal 0 -0.482154 -0.876086
    outer loop
      vertex -0.05 0.858098 -26.4576
      vertex 0.05 0.213054 -26.1026
      vertex -0.05 0.213054 -26.1026
    endloop
  endfacet
  facet normal 0.182419 -0.474064 -0.861386
    outer loop
      vertex 10.7969 -42.9898 -0.05
      vertex 0.05 0.213054 -26.1026
      vertex 0.05 0.858098 -26.4576
    endloop
  endfacet
  facet normal 0.0917474 -0.493032 0.86516
    outer loop
      vertex 5.12886 -44.5583 0.05
      vertex 5.85271 -44.4236 0.05
      vertex 0.05 0.213054 26.1026
    endloop
  endfacet
  facet normal 0.110147 -0.993915 0
    outer loop
      vertex 2.94051 -44.8555 -0.05
      vertex 3.67232 -44.7744 0.05
      vertex 2.94051 -44.8555 0.05
    endloop
  endfacet
  facet normal 0 -0.134592 -0.990901
    outer loop
      vertex -0.05 11.3277 -29.7744
      vertex 0.05 10.5981 -29.6753
      vertex -0.05 10.5981 -29.6753
    endloop
  endfacet
  facet normal -0 -0.134592 -0.990901
    outer loop
      vertex 0.05 11.3277 -29.7744
      vertex 0.05 10.5981 -29.6753
      vertex -0.05 11.3277 -29.7744
    endloop
  endfacet
  facet normal 0.610293 -0.160802 -0.775684
    outer loop
      vertex 29.1009 -22.2894 -0.05
      vertex 28.9133 -23.0014 -0.05
      vertex 0.05 9.14729 -29.4236
    endloop
  endfacet
  facet normal 0.960414 -0.278576 0
    outer loop
      vertex 28.7082 -23.7085 0.05
      vertex 28.9133 -23.0014 -0.05
      vertex 28.9133 -23.0014 0.05
    endloop
  endfacet
  facet normal 0.519164 -0.269352 0.811121
    outer loop
      vertex 26.4576 -29.1419 0.05
      vertex 26.7967 -28.4883 0.05
      vertex 0.05 5.58955 28.4858
    endloop
  endfacet
  facet normal 0.550262 -0.235896 -0.800977
    outer loop
      vertex 27.7164 -26.4805 -0.05
      vertex 27.4263 -27.1572 -0.05
      vertex 0.05 6.29146 -28.7082
    endloop
  endfacet
  facet normal -0.49806 -0.290209 -0.817138
    outer loop
      vertex -26.1026 -29.7869 -0.05
      vertex -0.05 4.8933 -28.2463
      vertex -25.7319 -30.4231 -0.05
    endloop
  endfacet
  facet normal 0 -0.325279 0.945618
    outer loop
      vertex 0.05 5.58955 28.4858
      vertex -0.05 5.58955 28.4858
      vertex 0.05 4.8933 28.2463
    endloop
  endfacet
  facet normal 0 -0.278554 0.960421
    outer loop
      vertex -0.05 6.99862 28.9133
      vertex 0.05 6.29146 28.7082
      vertex 0.05 6.99862 28.9133
    endloop
  endfacet
  facet normal 0.508601 -0.279927 -0.814227
    outer loop
      vertex 26.4576 -29.1419 -0.05
      vertex 26.1026 -29.7869 -0.05
      vertex 0.05 5.58955 -28.4858
    endloop
  endfacet
  facet normal -0.8105 -0.585738 0
    outer loop
      vertex -24.5275 -32.2742 0.05
      vertex -24.0962 -32.871 -0.05
      vertex -24.0962 -32.871 0.05
    endloop
  endfacet
  facet normal -0.8105 -0.585738 0
    outer loop
      vertex -24.5275 -32.2742 -0.05
      vertex -24.0962 -32.871 -0.05
      vertex -24.5275 -32.2742 0.05
    endloop
  endfacet
  facet normal 0.610293 -0.160802 0.775684
    outer loop
      vertex 0.05 9.14729 29.4236
      vertex 28.9133 -23.0014 0.05
      vertex 29.1009 -22.2894 0.05
    endloop
  endfacet
  facet normal 0.607557 -0.164509 0.777053
    outer loop
      vertex 0.05 8.42696 29.2711
      vertex 28.9133 -23.0014 0.05
      vertex 0.05 9.14729 29.4236
    endloop
  endfacet
  facet normal 0.619914 -0.147277 -0.770725
    outer loop
      vertex 0.05 9.14729 -29.4236
      vertex 29.2711 -21.573 -0.05
      vertex 29.1009 -22.2894 -0.05
    endloop
  endfacet
  facet normal 0.97292 -0.231143 0
    outer loop
      vertex 29.1009 -22.2894 -0.05
      vertex 29.2711 -21.573 -0.05
      vertex 29.1009 -22.2894 0.05
    endloop
  endfacet
  facet normal 0.928495 -0.371344 0
    outer loop
      vertex 27.7164 -26.4805 -0.05
      vertex 27.9898 -25.7969 -0.05
      vertex 27.7164 -26.4805 0.05
    endloop
  endfacet
  facet normal 0.550262 -0.235896 0.800977
    outer loop
      vertex 27.7164 -26.4805 0.05
      vertex 0.05 6.29146 28.7082
      vertex 27.4263 -27.1572 0.05
    endloop
  endfacet
  facet normal 0.508601 -0.279927 0.814227
    outer loop
      vertex 0.05 5.58955 28.4858
      vertex 26.1026 -29.7869 0.05
      vertex 26.4576 -29.1419 0.05
    endloop
  endfacet
  facet normal 0.540016 -0.247302 -0.804502
    outer loop
      vertex 0.05 6.29146 -28.7082
      vertex 27.4263 -27.1572 -0.05
      vertex 27.1197 -27.8267 -0.05
    endloop
  endfacet
  facet normal -0.465706 -0.319574 -0.825221
    outer loop
      vertex -24.9441 -31.6671 -0.05
      vertex -0.05 4.20315 -27.9898
      vertex -24.5275 -32.2742 -0.05
    endloop
  endfacet
  facet normal -0.399361 -0.371004 -0.838372
    outer loop
      vertex -22.2285 -35.1468 -0.05
      vertex -0.05 2.84276 -27.4263
      vertex -21.7274 -35.6862 -0.05
    endloop
  endfacet
  facet normal 0 -0.460548 0.887635
    outer loop
      vertex -0.05 0.858098 26.4576
      vertex 0.05 1.51166 26.7967
      vertex -0.05 1.51166 26.7967
    endloop
  endfacet
  facet normal 0 -0.43867 0.898648
    outer loop
      vertex -0.05 2.17335 27.1197
      vertex 0.05 1.51166 26.7967
      vertex 0.05 2.17335 27.1197
    endloop
  endfacet
  facet normal 0.465706 -0.319574 0.825221
    outer loop
      vertex 24.9441 -31.6671 0.05
      vertex 0.05 4.20315 27.9898
      vertex 24.5275 -32.2742 0.05
    endloop
  endfacet
  facet normal 0.476581 -0.310025 -0.822651
    outer loop
      vertex 0.05 4.20315 -27.9898
      vertex 25.3456 -31.0499 -0.05
      vertex 24.9441 -31.6671 -0.05
    endloop
  endfacet
  facet normal 0.421766 -0.35484 -0.834387
    outer loop
      vertex 22.7163 -34.5952 -0.05
      vertex 0.05 3.5195 -27.7164
      vertex 23.1903 -34.0318 -0.05
    endloop
  endfacet
  facet normal 0.795824 -0.605527 0
    outer loop
      vertex 24.0962 -32.871 0.05
      vertex 23.6504 -33.4569 -0.05
      vertex 24.0962 -32.871 -0.05
    endloop
  endfacet
  facet normal 0 -0.416416 -0.909174
    outer loop
      vertex -0.05 2.84276 -27.4263
      vertex 0.05 2.84276 -27.4263
      vertex -0.05 2.17335 -27.1197
    endloop
  endfacet
  facet normal 0.377457 -0.385612 -0.84192
    outer loop
      vertex 0.05 2.17335 -27.1197
      vertex 0.05 2.84276 -27.4263
      vertex 21.2132 -36.2132 -0.05
    endloop
  endfacet
  facet normal 0.224915 -0.460693 -0.858589
    outer loop
      vertex 13.4883 -41.7967 -0.05
      vertex 12.8267 -42.1197 -0.05
      vertex 0.05 0.858098 -26.4576
    endloop
  endfacet
  facet normal 0.394018 -0.919103 0
    outer loop
      vertex 11.4805 -42.7164 -0.05
      vertex 12.1572 -42.4263 -0.05
      vertex 11.4805 -42.7164 0.05
    endloop
  endfacet
  facet normal 0.503449 -0.864025 0
    outer loop
      vertex 15.4231 -40.7319 -0.05
      vertex 14.7869 -41.1026 0.05
      vertex 14.7869 -41.1026 -0.05
    endloop
  endfacet
  facet normal 0.460527 -0.887646 0
    outer loop
      vertex 13.4883 -41.7967 -0.05
      vertex 14.1419 -41.4576 0.05
      vertex 13.4883 -41.7967 0.05
    endloop
  endfacet
  facet normal 0.585738 -0.8105 0
    outer loop
      vertex 17.2742 -39.5275 -0.05
      vertex 17.871 -39.0962 -0.05
      vertex 17.2742 -39.5275 0.05
    endloop
  endfacet
  facet normal 0.524666 -0.851308 0
    outer loop
      vertex 15.4231 -40.7319 -0.05
      vertex 16.0499 -40.3456 0.05
      vertex 15.4231 -40.7319 0.05
    endloop
  endfacet
  facet normal 0.643784 -0.765207 0
    outer loop
      vertex 19.0318 -38.1903 0.05
      vertex 19.0318 -38.1903 -0.05
      vertex 19.5952 -37.7163 0.05
    endloop
  endfacet
  facet normal 0.624844 -0.78075 0
    outer loop
      vertex 18.4569 -38.6504 0.05
      vertex 19.0318 -38.1903 -0.05
      vertex 19.0318 -38.1903 0.05
    endloop
  endfacet
  facet normal 0.377457 -0.385612 0.84192
    outer loop
      vertex 0.05 2.84276 27.4263
      vertex 0.05 2.17335 27.1197
      vertex 21.2132 -36.2132 0.05
    endloop
  endfacet
  facet normal 0.353931 -0.400222 0.845313
    outer loop
      vertex 20.1468 -37.2285 0.05
      vertex 0.05 2.17335 27.1197
      vertex 19.5952 -37.7163 0.05
    endloop
  endfacet
  facet normal 0.329234 -0.414213 0.848547
    outer loop
      vertex 0.05 2.17335 27.1197
      vertex 0.05 1.51166 26.7967
      vertex 18.4569 -38.6504 0.05
    endloop
  endfacet
  facet normal -0.377457 -0.385612 0.84192
    outer loop
      vertex -21.2132 -36.2132 0.05
      vertex -0.05 2.17335 27.1197
      vertex -0.05 2.84276 27.4263
    endloop
  endfacet
  facet normal 0 -0.482154 0.876086
    outer loop
      vertex 0.05 0.213054 26.1026
      vertex -0.05 0.858098 26.4576
      vertex -0.05 0.213054 26.1026
    endloop
  endfacet
  facet normal 0.188871 -0.472246 0.860994
    outer loop
      vertex 0.05 0.858098 26.4576
      vertex 10.7969 -42.9898 0.05
      vertex 11.4805 -42.7164 0.05
    endloop
  endfacet
  facet normal 0 -0.482154 0.876086
    outer loop
      vertex 0.05 0.858098 26.4576
      vertex -0.05 0.858098 26.4576
      vertex 0.05 0.213054 26.1026
    endloop
  endfacet
  facet normal 0.268562 -0.443629 0.855025
    outer loop
      vertex 15.4231 -40.7319 0.05
      vertex 0.05 1.51166 26.7967
      vertex 0.05 0.858098 26.4576
    endloop
  endfacet
  facet normal -0.460527 -0.887646 0
    outer loop
      vertex -13.4883 -41.7967 -0.05
      vertex -13.4883 -41.7967 0.05
      vertex -14.1419 -41.4576 -0.05
    endloop
  endfacet
  facet normal -0.416369 -0.909196 0
    outer loop
      vertex -12.8267 -42.1197 -0.05
      vertex -12.1572 -42.4263 0.05
      vertex -12.8267 -42.1197 0.05
    endloop
  endfacet
  facet normal -0.134594 -0.990901 -0
    outer loop
      vertex -3.67232 -44.7744 0.05
      vertex -4.40191 -44.6753 0.05
      vertex -3.67232 -44.7744 -0.05
    endloop
  endfacet
  facet normal -0.182948 -0.983123 -0
    outer loop
      vertex -5.12886 -44.5583 0.05
      vertex -5.85271 -44.4236 0.05
      vertex -5.12886 -44.5583 -0.05
    endloop
  endfacet
  facet normal -0.254797 -0.966994 0
    outer loop
      vertex -7.28941 -44.1009 -0.05
      vertex -8.00138 -43.9133 0.05
      vertex -8.00138 -43.9133 -0.05
    endloop
  endfacet
  facet normal -0.254797 -0.966994 -0
    outer loop
      vertex -7.28941 -44.1009 0.05
      vertex -8.00138 -43.9133 0.05
      vertex -7.28941 -44.1009 -0.05
    endloop
  endfacet
  facet normal -0.0183803 -0.499045 -0.866381
    outer loop
      vertex -0.05 0.213054 -26.1026
      vertex -0.736237 -44.991 -0.05
      vertex -1.47203 -44.9639 -0.05
    endloop
  endfacet
  facet normal -0.0368061 -0.999322 0
    outer loop
      vertex -1.47203 -44.9639 0.05
      vertex -0.736237 -44.991 -0.05
      vertex -0.736237 -44.991 0.05
    endloop
  endfacet
  facet normal -0.0550841 -0.497054 0.865969
    outer loop
      vertex -3.67232 -44.7744 0.05
      vertex -2.94051 -44.8555 0.05
      vertex -0.05 0.213054 26.1026
    endloop
  endfacet
  facet normal -0.0796027 -0.494591 0.865473
    outer loop
      vertex -5.12886 -44.5583 0.05
      vertex -4.40191 -44.6753 0.05
      vertex -0.05 0.213054 26.1026
    endloop
  endfacet
  facet normal -0.0673627 -0.495935 -0.865743
    outer loop
      vertex -0.05 0.213054 -26.1026
      vertex -3.67232 -44.7744 -0.05
      vertex -4.40191 -44.6753 -0.05
    endloop
  endfacet
  facet normal -0.0550841 -0.497054 -0.865969
    outer loop
      vertex -2.94051 -44.8555 -0.05
      vertex -3.67232 -44.7744 -0.05
      vertex -0.05 0.213054 -26.1026
    endloop
  endfacet
  facet normal 0.371344 -0.928495 0
    outer loop
      vertex 11.4805 -42.7164 -0.05
      vertex 10.7969 -42.9898 0.05
      vertex 10.7969 -42.9898 -0.05
    endloop
  endfacet
  facet normal 0.348354 -0.937363 0
    outer loop
      vertex 10.1067 -43.2463 -0.05
      vertex 10.7969 -42.9898 0.05
      vertex 10.1067 -43.2463 0.05
    endloop
  endfacet
  facet normal -0 -0.43867 -0.898648
    outer loop
      vertex 0.05 1.51166 -26.7967
      vertex -0.05 1.51166 -26.7967
      vertex 0.05 2.17335 -27.1197
    endloop
  endfacet
  facet normal -0.524666 -0.851308 -0
    outer loop
      vertex -15.4231 -40.7319 0.05
      vertex -16.0499 -40.3456 -0.05
      vertex -15.4231 -40.7319 -0.05
    endloop
  endfacet
  facet normal -0.295943 -0.43127 0.852305
    outer loop
      vertex -17.2742 -39.5275 0.05
      vertex -16.6671 -39.9441 0.05
      vertex -0.05 1.51166 26.7967
    endloop
  endfacet
  facet normal -0.30756 -0.425578 -0.851052
    outer loop
      vertex -17.871 -39.0962 -0.05
      vertex -0.05 1.51166 -26.7967
      vertex -17.2742 -39.5275 -0.05
    endloop
  endfacet
  facet normal -0.643784 -0.765207 0
    outer loop
      vertex -19.5952 -37.7163 -0.05
      vertex -19.0318 -38.1903 -0.05
      vertex -19.5952 -37.7163 0.05
    endloop
  endfacet
  facet normal 0.284136 -0.436783 0.853515
    outer loop
      vertex 16.0499 -40.3456 0.05
      vertex 16.6671 -39.9441 0.05
      vertex 0.05 1.51166 26.7967
    endloop
  endfacet
  facet normal 0.0122234 -0.999925 0
    outer loop
      vertex 0 -45 -0.05
      vertex 0.736237 -44.991 0.05
      vertex 0 -45 0.05
    endloop
  endfacet
  facet normal 0.152644 -0.481756 -0.862908
    outer loop
      vertex 8.70854 -43.7082 -0.05
      vertex 0.05 0.213054 -26.1026
      vertex 9.41045 -43.4858 -0.05
    endloop
  endfacet
  facet normal 0.0183803 -0.499045 -0.866381
    outer loop
      vertex 0.736237 -44.991 -0.05
      vertex 0.05 0.213054 -26.1026
      vertex 1.47203 -44.9639 -0.05
    endloop
  endfacet
  facet normal 0.182948 -0.983123 0
    outer loop
      vertex 5.12886 -44.5583 0.05
      vertex 5.12886 -44.5583 -0.05
      vertex 5.85271 -44.4236 0.05
    endloop
  endfacet
  facet normal 0.085836 -0.996309 0
    outer loop
      vertex 2.94051 -44.8555 -0.05
      vertex 2.94051 -44.8555 0.05
      vertex 2.20694 -44.9187 -0.05
    endloop
  endfacet
  facet normal 0.0613881 -0.998114 0
    outer loop
      vertex 2.20694 -44.9187 0.05
      vertex 1.47203 -44.9639 0.05
      vertex 2.20694 -44.9187 -0.05
    endloop
  endfacet
  facet normal -0.176767 -0.475652 0.861689
    outer loop
      vertex -0.05 0.213054 26.1026
      vertex -10.7969 -42.9898 0.05
      vertex -10.1067 -43.2463 0.05
    endloop
  endfacet
  facet normal -0.152644 -0.481756 -0.862908
    outer loop
      vertex -8.70854 -43.7082 -0.05
      vertex -9.41045 -43.4858 -0.05
      vertex -0.05 0.213054 -26.1026
    endloop
  endfacet
  facet normal -0.30205 -0.953292 -0
    outer loop
      vertex -9.41045 -43.4858 0.05
      vertex -9.41045 -43.4858 -0.05
      vertex -8.70854 -43.7082 0.05
    endloop
  endfacet
  facet normal -0.140512 -0.484469 -0.86345
    outer loop
      vertex -8.00138 -43.9133 -0.05
      vertex -8.70854 -43.7082 -0.05
      vertex -0.05 0.213054 -26.1026
    endloop
  endfacet
  facet normal -0.231152 -0.972918 -0
    outer loop
      vertex -7.28941 -44.1009 0.05
      vertex -7.28941 -44.1009 -0.05
      vertex -6.57304 -44.2711 0.05
    endloop
  endfacet
  facet normal -0.128311 -0.486961 0.863947
    outer loop
      vertex -0.05 0.213054 26.1026
      vertex -8.00138 -43.9133 0.05
      vertex -7.28941 -44.1009 0.05
    endloop
  endfacet
  facet normal -0.182948 -0.983123 0
    outer loop
      vertex -5.12886 -44.5583 -0.05
      vertex -5.85271 -44.4236 0.05
      vertex -5.85271 -44.4236 -0.05
    endloop
  endfacet
  facet normal -0.207118 -0.978316 0
    outer loop
      vertex -6.57304 -44.2711 -0.05
      vertex -5.85271 -44.4236 0.05
      vertex -6.57304 -44.2711 0.05
    endloop
  endfacet
  facet normal 0.793344 0.212069 0.570642
    outer loop
      vertex 0.05 25.7969 27.9898
      vertex 0.05 25.1067 28.2463
      vertex 28.9133 -6.99862 0.05
    endloop
  endfacet
  facet normal -0.780447 0.174172 0.600472
    outer loop
      vertex -29.2711 -8.42696 0.05
      vertex -0.05 23.0014 28.9133
      vertex -0.05 23.7085 28.7082
    endloop
  endfacet
  facet normal -0.770725 0.147277 0.619914
    outer loop
      vertex -0.05 21.573 29.2711
      vertex -0.05 22.2894 29.1009
      vertex -29.4236 -9.14729 0.05
    endloop
  endfacet
  facet normal 0.784755 0.186447 0.591099
    outer loop
      vertex 29.1009 -7.71059 0.05
      vertex 0.05 23.7085 28.7082
      vertex 29.2711 -8.42696 0.05
    endloop
  endfacet
  facet normal 0.799773 0.231961 0.553677
    outer loop
      vertex 28.7082 -6.29146 0.05
      vertex 0.05 26.4805 27.7164
      vertex 28.9133 -6.99862 0.05
    endloop
  endfacet
  facet normal 0.789249 0.199758 0.580675
    outer loop
      vertex 0.05 25.1067 28.2463
      vertex 0.05 24.4105 28.4858
      vertex 29.1009 -7.71059 0.05
    endloop
  endfacet
  facet normal 0.928505 0.37132 -0
    outer loop
      vertex 27.7164 -3.5195 -0.05
      vertex 27.7164 -3.5195 0.05
      vertex 27.9898 -4.20315 -0.05
    endloop
  endfacet
  facet normal 0.804502 0.247302 0.540016
    outer loop
      vertex 0.05 27.8267 27.1197
      vertex 0.05 27.1572 27.4263
      vertex 28.7082 -6.29146 0.05
    endloop
  endfacet
  facet normal 0.960421 0.278554 -0
    outer loop
      vertex 28.7082 -6.29146 -0.05
      vertex 28.7082 -6.29146 0.05
      vertex 28.9133 -6.99862 -0.05
    endloop
  endfacet
  facet normal 0.807922 0.258532 0.52955
    outer loop
      vertex 0.05 27.8267 27.1197
      vertex 28.4858 -5.58955 0.05
      vertex 0.05 28.4883 26.7967
    endloop
  endfacet
  facet normal -0 0.524666 0.851308
    outer loop
      vertex -0.05 31.0499 25.3456
      vertex 0.05 30.4231 25.7319
      vertex 0.05 31.0499 25.3456
    endloop
  endfacet
  facet normal -0.817138 0.290209 0.49806
    outer loop
      vertex -28.2463 -4.8933 0.05
      vertex -0.05 29.7869 26.1026
      vertex -0.05 30.4231 25.7319
    endloop
  endfacet
  facet normal 0.862908 0.481756 0.152644
    outer loop
      vertex 0.05 43.4858 9.41045
      vertex 26.1026 -0.213054 0.05
      vertex 0.05 43.7082 8.70854
    endloop
  endfacet
  facet normal -0.86516 0.493032 0.0917474
    outer loop
      vertex -26.1026 -0.213054 0.05
      vertex -0.05 44.4236 5.85271
      vertex -0.05 44.5583 5.12886
    endloop
  endfacet
  facet normal 0.86615 0.49794 0.0428996
    outer loop
      vertex 0.05 44.8555 2.94051
      vertex 26.1026 -0.213054 0.05
      vertex 0.05 44.9187 2.20694
    endloop
  endfacet
  facet normal -0 0.996309 0.085836
    outer loop
      vertex -0.05 44.9187 2.20694
      vertex 0.05 44.8555 2.94051
      vertex 0.05 44.9187 2.20694
    endloop
  endfacet
  facet normal 0 0.993915 0.110147
    outer loop
      vertex -0.05 44.7744 3.67232
      vertex 0.05 44.8555 2.94051
      vertex -0.05 44.8555 2.94051
    endloop
  endfacet
  facet normal -0.865969 0.497054 0.0550841
    outer loop
      vertex -26.1026 -0.213054 0.05
      vertex -0.05 44.7744 3.67232
      vertex -0.05 44.8555 2.94051
    endloop
  endfacet
  facet normal -0 0.987294 0.158902
    outer loop
      vertex -0.05 44.5583 5.12886
      vertex 0.05 44.5583 5.12886
      vertex -0.05 44.6753 4.40191
    endloop
  endfacet
  facet normal 0.865743 0.495935 0.0673627
    outer loop
      vertex 0.05 44.6753 4.40191
      vertex 26.1026 -0.213054 0.05
      vertex 0.05 44.7744 3.67232
    endloop
  endfacet
  facet normal 0 0.928495 0.371344
    outer loop
      vertex 0.05 42.7164 11.4805
      vertex 0.05 42.9898 10.7969
      vertex -0.05 42.7164 11.4805
    endloop
  endfacet
  facet normal 0.86645 0.499264 0
    outer loop
      vertex 0.05 45 0
      vertex 26.1026 -0.213054 0.05
      vertex 26.1026 -0.213054 -0.05
    endloop
  endfacet
  facet normal 0 0.78075 0.624844
    outer loop
      vertex -0.05 38.1903 19.0318
      vertex 0.05 38.6504 18.4569
      vertex -0.05 38.6504 18.4569
    endloop
  endfacet
  facet normal -0.848345 0.413364 0.33082
    outer loop
      vertex -27.1197 -2.17335 0.05
      vertex -0.05 38.1903 19.0318
      vertex -0.05 38.6504 18.4569
    endloop
  endfacet
  facet normal 0.848547 0.414213 0.329234
    outer loop
      vertex 26.7967 -1.51166 0.05
      vertex 0.05 38.6504 18.4569
      vertex 27.1197 -2.17335 0.05
    endloop
  endfacet
  facet normal 0 0.795824 0.605527
    outer loop
      vertex -0.05 38.6504 18.4569
      vertex 0.05 39.0962 17.871
      vertex -0.05 39.0962 17.871
    endloop
  endfacet
  facet normal 0 0.937363 -0.348354
    outer loop
      vertex 0.05 43.2463 -10.1067
      vertex -0.05 42.9898 -10.7969
      vertex -0.05 43.2463 -10.1067
    endloop
  endfacet
  facet normal -0.862323 0.478823 -0.164708
    outer loop
      vertex -0.05 43.4858 -9.41045
      vertex -0.05 43.2463 -10.1067
      vertex -26.1026 -0.213054 -0.05
    endloop
  endfacet
  facet normal 0.859446 0.464805 -0.212859
    outer loop
      vertex 0.05 42.1197 -12.8267
      vertex 0.05 42.4263 -12.1572
      vertex 26.4576 -0.858098 -0.05
    endloop
  endfacet
  facet normal 0 0.909196 -0.416369
    outer loop
      vertex 0.05 42.1197 -12.8267
      vertex -0.05 42.1197 -12.8267
      vertex 0.05 42.4263 -12.1572
    endloop
  endfacet
  facet normal 0.857691 0.456397 -0.236787
    outer loop
      vertex 0.05 41.4576 -14.1419
      vertex 0.05 41.7967 -13.4883
      vertex 26.4576 -0.858098 -0.05
    endloop
  endfacet
  facet normal 0 0.887646 -0.460527
    outer loop
      vertex 0.05 41.4576 -14.1419
      vertex -0.05 41.4576 -14.1419
      vertex 0.05 41.7967 -13.4883
    endloop
  endfacet
  facet normal -0.858589 0.460693 -0.224915
    outer loop
      vertex -26.4576 -0.858098 -0.05
      vertex -0.05 42.1197 -12.8267
      vertex -0.05 41.7967 -13.4883
    endloop
  endfacet
  facet normal -0.859446 0.464805 -0.212859
    outer loop
      vertex -0.05 42.4263 -12.1572
      vertex -0.05 42.1197 -12.8267
      vertex -26.4576 -0.858098 -0.05
    endloop
  endfacet
  facet normal 0 0.953292 0.30205
    outer loop
      vertex -0.05 43.4858 9.41045
      vertex 0.05 43.7082 8.70854
      vertex -0.05 43.7082 8.70854
    endloop
  endfacet
  facet normal -0.86345 0.484469 0.140512
    outer loop
      vertex -26.1026 -0.213054 0.05
      vertex -0.05 43.7082 8.70854
      vertex -0.05 43.9133 8.00138
    endloop
  endfacet
  facet normal -0 0.972918 0.231152
    outer loop
      vertex -0.05 44.2711 6.57304
      vertex -0.05 44.1009 7.28941
      vertex 0.05 44.2711 6.57304
    endloop
  endfacet
  facet normal -0.864394 0.489198 0.116227
    outer loop
      vertex -26.1026 -0.213054 0.05
      vertex -0.05 44.1009 7.28941
      vertex -0.05 44.2711 6.57304
    endloop
  endfacet
  facet normal 0.854655 0.441996 0.272405
    outer loop
      vertex 0.05 40.7319 15.4231
      vertex 0.05 40.3456 16.0499
      vertex 26.7967 -1.51166 0.05
    endloop
  endfacet
  facet normal 0 0.838245 0.545294
    outer loop
      vertex 0.05 40.3456 16.0499
      vertex -0.05 39.9441 16.6671
      vertex 0.05 39.9441 16.6671
    endloop
  endfacet
  facet normal 0 0.824537 0.565808
    outer loop
      vertex 0.05 39.9441 16.6671
      vertex -0.05 39.9441 16.6671
      vertex 0.05 39.5275 17.2742
    endloop
  endfacet
  facet normal 0.853515 0.436783 0.284136
    outer loop
      vertex 0.05 40.3456 16.0499
      vertex 0.05 39.9441 16.6671
      vertex 26.7967 -1.51166 0.05
    endloop
  endfacet
  facet normal -0.855733 0.447061 0.260493
    outer loop
      vertex -26.4576 -0.858098 0.05
      vertex -0.05 40.7319 15.4231
      vertex -0.05 41.1026 14.7869
    endloop
  endfacet
  facet normal -0.855025 0.443629 0.268562
    outer loop
      vertex -26.7967 -1.51166 0.05
      vertex -0.05 40.7319 15.4231
      vertex -26.4576 -0.858098 0.05
    endloop
  endfacet
  facet normal -0.858589 0.460693 0.224915
    outer loop
      vertex -0.05 41.7967 13.4883
      vertex -0.05 42.1197 12.8267
      vertex -26.4576 -0.858098 0.05
    endloop
  endfacet
  facet normal 0 0.909196 0.416369
    outer loop
      vertex -0.05 42.1197 12.8267
      vertex 0.05 42.4263 12.1572
      vertex -0.05 42.4263 12.1572
    endloop
  endfacet
  facet normal 0 0.887646 0.460527
    outer loop
      vertex 0.05 41.7967 13.4883
      vertex -0.05 41.4576 14.1419
      vertex 0.05 41.4576 14.1419
    endloop
  endfacet
  facet normal 0 0.876072 0.482179
    outer loop
      vertex 0.05 41.1026 14.7869
      vertex -0.05 41.4576 14.1419
      vertex -0.05 41.1026 14.7869
    endloop
  endfacet
  facet normal 0.876086 0.482154 -0
    outer loop
      vertex 26.1026 -0.213054 -0.05
      vertex 26.1026 -0.213054 0.05
      vertex 26.4576 -0.858098 -0.05
    endloop
  endfacet
  facet normal 0.876086 0.482154 -0
    outer loop
      vertex 26.4576 -0.858098 -0.05
      vertex 26.1026 -0.213054 0.05
      vertex 26.4576 -0.858098 0.05
    endloop
  endfacet
  facet normal -0.866287 0.498604 -0.0306662
    outer loop
      vertex -0.05 44.9639 -1.47203
      vertex -0.05 44.9187 -2.20694
      vertex -26.1026 -0.213054 -0.05
    endloop
  endfacet
  facet normal 0 0.998114 -0.0613881
    outer loop
      vertex 0.05 44.9639 -1.47203
      vertex -0.05 44.9187 -2.20694
      vertex -0.05 44.9639 -1.47203
    endloop
  endfacet
  facet normal -0.86516 0.493032 -0.0917474
    outer loop
      vertex -0.05 44.5583 -5.12886
      vertex -0.05 44.4236 -5.85271
      vertex -26.1026 -0.213054 -0.05
    endloop
  endfacet
  facet normal 0 0.987294 -0.158902
    outer loop
      vertex -0.05 44.6753 -4.40191
      vertex 0.05 44.5583 -5.12886
      vertex -0.05 44.5583 -5.12886
    endloop
  endfacet
  facet normal -0.863947 0.486961 -0.128311
    outer loop
      vertex -26.1026 -0.213054 -0.05
      vertex -0.05 44.1009 -7.28941
      vertex -0.05 43.9133 -8.00138
    endloop
  endfacet
  facet normal 0.863947 0.486961 -0.128311
    outer loop
      vertex 26.1026 -0.213054 -0.05
      vertex 0.05 43.9133 -8.00138
      vertex 0.05 44.1009 -7.28941
    endloop
  endfacet
  facet normal 0 0.978316 -0.207118
    outer loop
      vertex 0.05 44.4236 -5.85271
      vertex 0.05 44.2711 -6.57304
      vertex -0.05 44.4236 -5.85271
    endloop
  endfacet
  facet normal 0.8648 0.491229 -0.103997
    outer loop
      vertex 26.1026 -0.213054 -0.05
      vertex 0.05 44.2711 -6.57304
      vertex 0.05 44.4236 -5.85271
    endloop
  endfacet
  facet normal 0 0.987294 -0.158902
    outer loop
      vertex 0.05 44.6753 -4.40191
      vertex 0.05 44.5583 -5.12886
      vertex -0.05 44.6753 -4.40191
    endloop
  endfacet
  facet normal 0.865473 0.494591 -0.0796027
    outer loop
      vertex 26.1026 -0.213054 -0.05
      vertex 0.05 44.5583 -5.12886
      vertex 0.05 44.6753 -4.40191
    endloop
  endfacet
  facet normal 0 0.993915 -0.110147
    outer loop
      vertex 0.05 44.8555 -2.94051
      vertex 0.05 44.7744 -3.67232
      vertex -0.05 44.8555 -2.94051
    endloop
  endfacet
  facet normal 0.865969 0.497054 -0.0550841
    outer loop
      vertex 26.1026 -0.213054 -0.05
      vertex 0.05 44.7744 -3.67232
      vertex 0.05 44.8555 -2.94051
    endloop
  endfacet
  facet normal 0 0.953292 -0.30205
    outer loop
      vertex 0.05 43.4858 -9.41045
      vertex -0.05 43.7082 -8.70854
      vertex 0.05 43.7082 -8.70854
    endloop
  endfacet
  facet normal 0 0.953292 -0.30205
    outer loop
      vertex -0.05 43.4858 -9.41045
      vertex -0.05 43.7082 -8.70854
      vertex 0.05 43.4858 -9.41045
    endloop
  endfacet
  facet normal 0 0.972918 -0.231152
    outer loop
      vertex 0.05 44.2711 -6.57304
      vertex -0.05 44.1009 -7.28941
      vertex -0.05 44.2711 -6.57304
    endloop
  endfacet
  facet normal 0 0.972918 -0.231152
    outer loop
      vertex 0.05 44.1009 -7.28941
      vertex -0.05 44.1009 -7.28941
      vertex 0.05 44.2711 -6.57304
    endloop
  endfacet
  facet normal -0.845313 0.400222 -0.353931
    outer loop
      vertex -27.1197 -2.17335 -0.05
      vertex -0.05 37.7163 -19.5952
      vertex -0.05 37.2285 -20.1468
    endloop
  endfacet
  facet normal -0.846866 0.406942 -0.342368
    outer loop
      vertex -0.05 38.1903 -19.0318
      vertex -0.05 37.7163 -19.5952
      vertex -27.1197 -2.17335 -0.05
    endloop
  endfacet
  facet normal 0 0.765207 -0.643784
    outer loop
      vertex 0.05 38.1903 -19.0318
      vertex 0.05 37.7163 -19.5952
      vertex -0.05 38.1903 -19.0318
    endloop
  endfacet
  facet normal 0.846866 0.406942 -0.342368
    outer loop
      vertex 27.1197 -2.17335 -0.05
      vertex 0.05 37.7163 -19.5952
      vertex 0.05 38.1903 -19.0318
    endloop
  endfacet
  facet normal 0 -0.061389 -0.998114
    outer loop
      vertex -0.05 13.528 -29.9639
      vertex 0.05 12.7931 -29.9187
      vertex -0.05 12.7931 -29.9187
    endloop
  endfacet
  facet normal -0.676051 -0.0582421 -0.734549
    outer loop
      vertex -29.9187 -17.2069 -0.05
      vertex -0.05 12.7931 -29.9187
      vertex -29.8555 -17.9405 -0.05
    endloop
  endfacet
  facet normal -0.719564 0.0255588 -0.693955
    outer loop
      vertex -29.991 -14.2638 -0.05
      vertex -0.05 16.472 -29.9639
      vertex -0.05 15.7362 -29.991
    endloop
  endfacet
  facet normal -0.720031 0.0265192 -0.693435
    outer loop
      vertex -29.9639 -13.528 -0.05
      vertex -0.05 16.472 -29.9639
      vertex -29.991 -14.2638 -0.05
    endloop
  endfacet
  facet normal -0.693435 -0.0265192 -0.720031
    outer loop
      vertex -0.05 14.2638 -29.991
      vertex -0.05 13.528 -29.9639
      vertex -29.9639 -16.472 -0.05
    endloop
  endfacet
  facet normal -0.702765 -0.00859126 -0.71137
    outer loop
      vertex -0.05 15 -30
      vertex -29.991 -15.7362 -0.05
      vertex -30 -15 -0.05
    endloop
  endfacet
  facet normal 0 0.134592 -0.990901
    outer loop
      vertex -0.05 19.4019 -29.6753
      vertex 0.05 18.6723 -29.7744
      vertex -0.05 18.6723 -29.7744
    endloop
  endfacet
  facet normal 0 0.134592 -0.990901
    outer loop
      vertex 0.05 19.4019 -29.6753
      vertex 0.05 18.6723 -29.7744
      vertex -0.05 19.4019 -29.6753
    endloop
  endfacet
  facet normal 0 0.061389 -0.998114
    outer loop
      vertex -0.05 16.472 -29.9639
      vertex 0.05 17.2069 -29.9187
      vertex 0.05 16.472 -29.9639
    endloop
  endfacet
  facet normal 0 0.061389 -0.998114
    outer loop
      vertex -0.05 17.2069 -29.9187
      vertex 0.05 17.2069 -29.9187
      vertex -0.05 16.472 -29.9639
    endloop
  endfacet
  facet normal 0 0.18296 -0.98312
    outer loop
      vertex 0.05 20.8527 -29.4236
      vertex 0.05 20.1289 -29.5583
      vertex -0.05 20.8527 -29.4236
    endloop
  endfacet
  facet normal 0.759899 0.118931 -0.639069
    outer loop
      vertex 29.6753 -10.5981 -0.05
      vertex 0.05 20.1289 -29.5583
      vertex 0.05 20.8527 -29.4236
    endloop
  endfacet
  facet normal 0.770725 0.147277 -0.619914
    outer loop
      vertex 29.4236 -9.14729 -0.05
      vertex 0.05 21.573 -29.2711
      vertex 0.05 22.2894 -29.1009
    endloop
  endfacet
  facet normal 0.769218 0.143143 -0.622746
    outer loop
      vertex 29.5583 -9.87114 -0.05
      vertex 0.05 21.573 -29.2711
      vertex 29.4236 -9.14729 -0.05
    endloop
  endfacet
  facet normal 0.842029 0.386096 0.376719
    outer loop
      vertex 27.1197 -2.17335 0.05
      vertex 0.05 36.7274 20.6862
      vertex 0.05 36.2132 21.2132
    endloop
  endfacet
  facet normal 0.843704 0.393287 0.365361
    outer loop
      vertex 0.05 37.2285 20.1468
      vertex 0.05 36.7274 20.6862
      vertex 27.1197 -2.17335 0.05
    endloop
  endfacet
  facet normal 0 0.643784 -0.765207
    outer loop
      vertex -0.05 34.5952 -22.7163
      vertex 0.05 34.5952 -22.7163
      vertex -0.05 34.0318 -23.1903
    endloop
  endfacet
  facet normal 0 0.662457 -0.7491
    outer loop
      vertex -0.05 35.1468 -22.2285
      vertex 0.05 34.5952 -22.7163
      vertex -0.05 34.5952 -22.7163
    endloop
  endfacet
  facet normal 0 0.254787 -0.966997
    outer loop
      vertex -0.05 22.2894 -29.1009
      vertex 0.05 23.0014 -28.9133
      vertex 0.05 22.2894 -29.1009
    endloop
  endfacet
  facet normal 0 0.254787 -0.966997
    outer loop
      vertex -0.05 23.0014 -28.9133
      vertex 0.05 23.0014 -28.9133
      vertex -0.05 22.2894 -29.1009
    endloop
  endfacet
  facet normal 0.784974 0.187107 -0.590598
    outer loop
      vertex 0.05 23.7085 -28.7082
      vertex 0.05 24.4105 -28.4858
      vertex 29.1009 -7.71059 -0.05
    endloop
  endfacet
  facet normal -0.784974 0.187107 -0.590598
    outer loop
      vertex -0.05 24.4105 -28.4858
      vertex -0.05 23.7085 -28.7082
      vertex -29.1009 -7.71059 -0.05
    endloop
  endfacet
  facet normal 0 0.394018 -0.919103
    outer loop
      vertex -0.05 27.1572 -27.4263
      vertex 0.05 27.1572 -27.4263
      vertex -0.05 26.4805 -27.7164
    endloop
  endfacet
  facet normal 0 0.371344 -0.928495
    outer loop
      vertex 0.05 25.7969 -27.9898
      vertex -0.05 26.4805 -27.7164
      vertex 0.05 26.4805 -27.7164
    endloop
  endfacet
  facet normal -0.960421 0.278554 0
    outer loop
      vertex -28.7082 -6.29146 0.05
      vertex -28.7082 -6.29146 -0.05
      vertex -28.9133 -6.99862 0.05
    endloop
  endfacet
  facet normal 0.807105 0.255731 -0.532149
    outer loop
      vertex 28.4858 -5.58955 -0.05
      vertex 28.7082 -6.29146 -0.05
      vertex 0.05 27.8267 -27.1197
    endloop
  endfacet
  facet normal 0.799773 0.231961 -0.553677
    outer loop
      vertex 28.9133 -6.99862 -0.05
      vertex 0.05 26.4805 -27.7164
      vertex 28.7082 -6.29146 -0.05
    endloop
  endfacet
  facet normal 0 0.348354 -0.937363
    outer loop
      vertex -0.05 25.7969 -27.9898
      vertex 0.05 25.7969 -27.9898
      vertex -0.05 25.1067 -28.2463
    endloop
  endfacet
  facet normal 0.814227 0.279927 0.508601
    outer loop
      vertex 0.05 29.7869 26.1026
      vertex 0.05 29.1419 26.4576
      vertex 28.4858 -5.58955 0.05
    endloop
  endfacet
  facet normal -0.814279 0.2801 0.508422
    outer loop
      vertex -28.2463 -4.8933 0.05
      vertex -28.4858 -5.58955 0.05
      vertex -0.05 29.7869 26.1026
    endloop
  endfacet
  facet normal 0 0.438718 0.898625
    outer loop
      vertex 0.05 28.4883 26.7967
      vertex -0.05 27.8267 27.1197
      vertex 0.05 27.8267 27.1197
    endloop
  endfacet
  facet normal -0 0.438718 0.898625
    outer loop
      vertex -0.05 28.4883 26.7967
      vertex -0.05 27.8267 27.1197
      vertex 0.05 28.4883 26.7967
    endloop
  endfacet
  facet normal 0.856736 0.451839 -0.248687
    outer loop
      vertex 26.4576 -0.858098 -0.05
      vertex 0.05 41.1026 -14.7869
      vertex 0.05 41.4576 -14.1419
    endloop
  endfacet
  facet normal -0.856736 0.451839 -0.248687
    outer loop
      vertex -26.4576 -0.858098 -0.05
      vertex -0.05 41.4576 -14.1419
      vertex -0.05 41.1026 -14.7869
    endloop
  endfacet
  facet normal -0.848345 0.413364 -0.33082
    outer loop
      vertex -27.1197 -2.17335 -0.05
      vertex -0.05 38.6504 -18.4569
      vertex -0.05 38.1903 -19.0318
    endloop
  endfacet
  facet normal 0.849727 0.419576 -0.319248
    outer loop
      vertex 26.7967 -1.51166 -0.05
      vertex 0.05 38.6504 -18.4569
      vertex 0.05 39.0962 -17.871
    endloop
  endfacet
  facet normal 0 0.8105 -0.585738
    outer loop
      vertex 0.05 39.0962 -17.871
      vertex -0.05 39.0962 -17.871
      vertex 0.05 39.5275 -17.2742
    endloop
  endfacet
  facet normal 0 0.824537 -0.565808
    outer loop
      vertex -0.05 39.5275 -17.2742
      vertex -0.05 39.9441 -16.6671
      vertex 0.05 39.5275 -17.2742
    endloop
  endfacet
  facet normal 0 0.838245 -0.545294
    outer loop
      vertex -0.05 39.9441 -16.6671
      vertex -0.05 40.3456 -16.0499
      vertex 0.05 39.9441 -16.6671
    endloop
  endfacet
  facet normal 0.854655 0.441996 -0.272405
    outer loop
      vertex 26.7967 -1.51166 -0.05
      vertex 0.05 40.3456 -16.0499
      vertex 0.05 40.7319 -15.4231
    endloop
  endfacet
  facet normal 0.855733 0.447061 -0.260493
    outer loop
      vertex 0.05 40.7319 -15.4231
      vertex 0.05 41.1026 -14.7869
      vertex 26.4576 -0.858098 -0.05
    endloop
  endfacet
  facet normal 0 0.864025 -0.503449
    outer loop
      vertex -0.05 40.7319 -15.4231
      vertex 0.05 41.1026 -14.7869
      vertex 0.05 40.7319 -15.4231
    endloop
  endfacet
  facet normal -0.840235 0.378667 0.388094
    outer loop
      vertex -0.05 35.6862 21.7274
      vertex -0.05 36.2132 21.2132
      vertex -27.4263 -2.84276 0.05
    endloop
  endfacet
  facet normal 0 0.698361 0.715746
    outer loop
      vertex 0.05 35.6862 21.7274
      vertex -0.05 36.2132 21.2132
      vertex -0.05 35.6862 21.7274
    endloop
  endfacet
  facet normal 0 0.643784 0.765207
    outer loop
      vertex 0.05 34.5952 22.7163
      vertex -0.05 34.5952 22.7163
      vertex 0.05 34.0318 23.1903
    endloop
  endfacet
  facet normal -0.836434 0.363071 0.410558
    outer loop
      vertex -0.05 34.5952 22.7163
      vertex -0.05 35.1468 22.2285
      vertex -27.4263 -2.84276 0.05
    endloop
  endfacet
  facet normal 0 0.503449 -0.864025
    outer loop
      vertex 0.05 29.7869 -26.1026
      vertex -0.05 29.7869 -26.1026
      vertex 0.05 30.4231 -25.7319
    endloop
  endfacet
  facet normal 0.817138 0.290209 -0.49806
    outer loop
      vertex 28.2463 -4.8933 -0.05
      vertex 0.05 29.7869 -26.1026
      vertex 0.05 30.4231 -25.7319
    endloop
  endfacet
  facet normal -0.821385 0.305275 0.481802
    outer loop
      vertex -0.05 31.0499 25.3456
      vertex -27.9898 -4.20315 0.05
      vertex -28.2463 -4.8933 0.05
    endloop
  endfacet
  facet normal -0.825221 0.319574 0.465706
    outer loop
      vertex -0.05 32.2742 24.5275
      vertex -27.9898 -4.20315 0.05
      vertex -0.05 31.6671 24.9441
    endloop
  endfacet
  facet normal -0.830013 0.33773 0.443867
    outer loop
      vertex -0.05 32.871 24.0962
      vertex -0.05 33.4569 23.6504
      vertex -27.7164 -3.5195 0.05
    endloop
  endfacet
  facet normal 0.822651 0.310025 0.476581
    outer loop
      vertex 27.9898 -4.20315 0.05
      vertex 0.05 31.6671 24.9441
      vertex 0.05 31.0499 25.3456
    endloop
  endfacet
  facet normal -0.619914 -0.147277 0.770725
    outer loop
      vertex -29.2711 -21.573 0.05
      vertex -29.1009 -22.2894 0.05
      vertex -0.05 9.14729 29.4236
    endloop
  endfacet
  facet normal -0.636667 -0.122534 0.761342
    outer loop
      vertex -0.05 10.5981 29.6753
      vertex -29.4236 -20.8527 0.05
      vertex -0.05 9.87114 29.5583
    endloop
  endfacet
  facet normal -0.97292 -0.231143 0
    outer loop
      vertex -29.2711 -21.573 -0.05
      vertex -29.1009 -22.2894 0.05
      vertex -29.2711 -21.573 0.05
    endloop
  endfacet
  facet normal -0.97292 -0.231143 0
    outer loop
      vertex -29.1009 -22.2894 -0.05
      vertex -29.1009 -22.2894 0.05
      vertex -29.2711 -21.573 -0.05
    endloop
  endfacet
  facet normal -0.98312 -0.18296 0
    outer loop
      vertex -29.5583 -20.1289 -0.05
      vertex -29.4236 -20.8527 0.05
      vertex -29.5583 -20.1289 0.05
    endloop
  endfacet
  facet normal -0.98312 -0.18296 0
    outer loop
      vertex -29.4236 -20.8527 -0.05
      vertex -29.4236 -20.8527 0.05
      vertex -29.5583 -20.1289 -0.05
    endloop
  endfacet
  facet normal 0 -0.110148 0.993915
    outer loop
      vertex 0.05 12.0595 29.8555
      vertex -0.05 11.3277 29.7744
      vertex 0.05 11.3277 29.7744
    endloop
  endfacet
  facet normal 0 -0.110148 0.993915
    outer loop
      vertex -0.05 12.0595 29.8555
      vertex -0.05 11.3277 29.7744
      vertex 0.05 12.0595 29.8555
    endloop
  endfacet
  facet normal 0.74139 0.0739176 0.66699
    outer loop
      vertex 0.05 18.6723 29.7744
      vertex 0.05 17.9405 29.8555
      vertex 29.8555 -12.0595 0.05
    endloop
  endfacet
  facet normal 0 0.0858326 0.99631
    outer loop
      vertex 0.05 17.9405 29.8555
      vertex -0.05 17.9405 29.8555
      vertex 0.05 17.2069 29.9187
    endloop
  endfacet
  facet normal 0.747919 0.0893408 0.65775
    outer loop
      vertex 29.7744 -11.3277 0.05
      vertex 0.05 19.4019 29.6753
      vertex 0.05 18.6723 29.7744
    endloop
  endfacet
  facet normal 0.753291 0.102318 0.649679
    outer loop
      vertex 29.6753 -10.5981 0.05
      vertex 0.05 19.4019 29.6753
      vertex 29.7744 -11.3277 0.05
    endloop
  endfacet
  facet normal -0.74513 0.0825773 0.661787
    outer loop
      vertex -29.8555 -12.0595 0.05
      vertex -0.05 18.6723 29.7744
      vertex -29.7744 -11.3277 0.05
    endloop
  endfacet
  facet normal 0 0.110148 0.993915
    outer loop
      vertex 0.05 18.6723 29.7744
      vertex -0.05 17.9405 29.8555
      vertex 0.05 17.9405 29.8555
    endloop
  endfacet
  facet normal 0 -0.0858326 0.99631
    outer loop
      vertex 0.05 12.7931 29.9187
      vertex -0.05 12.7931 29.9187
      vertex 0.05 12.0595 29.8555
    endloop
  endfacet
  facet normal -0.99631 -0.0858326 0
    outer loop
      vertex -29.9187 -17.2069 -0.05
      vertex -29.8555 -17.9405 0.05
      vertex -29.9187 -17.2069 0.05
    endloop
  endfacet
  facet normal -0.676051 -0.0582421 0.734549
    outer loop
      vertex -29.8555 -17.9405 0.05
      vertex -0.05 12.7931 29.9187
      vertex -29.9187 -17.2069 0.05
    endloop
  endfacet
  facet normal -0.673007 -0.0634848 0.736906
    outer loop
      vertex -0.05 12.0595 29.8555
      vertex -0.05 12.7931 29.9187
      vertex -29.8555 -17.9405 0.05
    endloop
  endfacet
  facet normal -0.999322 -0.0368057 -0
    outer loop
      vertex -29.9639 -16.472 0.05
      vertex -29.991 -15.7362 -0.05
      vertex -29.9639 -16.472 -0.05
    endloop
  endfacet
  facet normal -0.998114 -0.061389 0
    outer loop
      vertex -29.9187 -17.2069 -0.05
      vertex -29.9639 -16.472 0.05
      vertex -29.9639 -16.472 -0.05
    endloop
  endfacet
  facet normal -0.540016 -0.247302 0.804502
    outer loop
      vertex -0.05 6.29146 28.7082
      vertex -27.4263 -27.1572 0.05
      vertex -27.1197 -27.8267 0.05
    endloop
  endfacet
  facet normal 0.851308 -0.524666 0
    outer loop
      vertex 25.3456 -31.0499 0.05
      vertex 25.3456 -31.0499 -0.05
      vertex 25.7319 -30.4231 0.05
    endloop
  endfacet
  facet normal -0.898625 -0.438718 0
    outer loop
      vertex -27.1197 -27.8267 -0.05
      vertex -26.7967 -28.4883 0.05
      vertex -27.1197 -27.8267 0.05
    endloop
  endfacet
  facet normal -0.898625 -0.438718 0
    outer loop
      vertex -26.7967 -28.4883 -0.05
      vertex -26.7967 -28.4883 0.05
      vertex -27.1197 -27.8267 -0.05
    endloop
  endfacet
  facet normal -0.966997 -0.254787 0
    outer loop
      vertex -29.1009 -22.2894 0.05
      vertex -28.9133 -23.0014 -0.05
      vertex -28.9133 -23.0014 0.05
    endloop
  endfacet
  facet normal -0.966997 -0.254787 0
    outer loop
      vertex -29.1009 -22.2894 -0.05
      vertex -28.9133 -23.0014 -0.05
      vertex -29.1009 -22.2894 0.05
    endloop
  endfacet
  facet normal 0.702709 -0.00869711 0.711424
    outer loop
      vertex 29.991 -15.7362 0.05
      vertex 0.05 15 30
      vertex 0.05 14.2638 29.991
    endloop
  endfacet
  facet normal 0.702765 -0.00859126 0.71137
    outer loop
      vertex 30 -15 0.05
      vertex 0.05 15 30
      vertex 29.991 -15.7362 0.05
    endloop
  endfacet
  facet normal 0.683535 -0.0448089 0.728541
    outer loop
      vertex 29.9187 -17.2069 0.05
      vertex 0.05 13.528 29.9639
      vertex 0.05 12.7931 29.9187
    endloop
  endfacet
  facet normal 0.685036 -0.0421331 0.72729
    outer loop
      vertex 29.9639 -16.472 0.05
      vertex 0.05 13.528 29.9639
      vertex 29.9187 -17.2069 0.05
    endloop
  endfacet
  facet normal -0.487283 -0.300315 0.81998
    outer loop
      vertex -25.7319 -30.4231 0.05
      vertex -25.3456 -31.0499 0.05
      vertex -0.05 4.8933 28.2463
    endloop
  endfacet
  facet normal -0.851308 -0.524666 0
    outer loop
      vertex -25.7319 -30.4231 -0.05
      vertex -25.3456 -31.0499 0.05
      vertex -25.7319 -30.4231 0.05
    endloop
  endfacet
  facet normal 0.978314 -0.207126 0
    outer loop
      vertex 29.2711 -21.573 0.05
      vertex 29.2711 -21.573 -0.05
      vertex 29.4236 -20.8527 0.05
    endloop
  endfacet
  facet normal 0.97292 -0.231143 0
    outer loop
      vertex 29.1009 -22.2894 0.05
      vertex 29.2711 -21.573 -0.05
      vertex 29.2711 -21.573 0.05
    endloop
  endfacet
  facet normal -0.600472 -0.174172 0.780447
    outer loop
      vertex -28.7082 -23.7085 0.05
      vertex -0.05 8.42696 29.2711
      vertex -28.9133 -23.0014 0.05
    endloop
  endfacet
  facet normal 0 -0.231152 0.972918
    outer loop
      vertex -0.05 8.42696 29.2711
      vertex -0.05 7.71059 29.1009
      vertex 0.05 8.42696 29.2711
    endloop
  endfacet
  facet normal -0.7491 -0.662457 -0
    outer loop
      vertex -22.7163 -34.5952 0.05
      vertex -22.7163 -34.5952 -0.05
      vertex -22.2285 -35.1468 0.05
    endloop
  endfacet
  facet normal -0.765207 -0.643784 0
    outer loop
      vertex -23.1903 -34.0318 0.05
      vertex -22.7163 -34.5952 -0.05
      vertex -22.7163 -34.5952 0.05
    endloop
  endfacet
  facet normal -0.465706 -0.319574 0.825221
    outer loop
      vertex -24.5275 -32.2742 0.05
      vertex -0.05 4.20315 27.9898
      vertex -24.9441 -31.6671 0.05
    endloop
  endfacet
  facet normal -0.454864 -0.328725 0.827671
    outer loop
      vertex -24.0962 -32.871 0.05
      vertex -0.05 4.20315 27.9898
      vertex -24.5275 -32.2742 0.05
    endloop
  endfacet
  facet normal 0.476581 -0.310025 0.822651
    outer loop
      vertex 24.9441 -31.6671 0.05
      vertex 25.3456 -31.0499 0.05
      vertex 0.05 4.20315 27.9898
    endloop
  endfacet
  facet normal 0.454864 -0.328725 0.827671
    outer loop
      vertex 24.5275 -32.2742 0.05
      vertex 0.05 4.20315 27.9898
      vertex 24.0962 -32.871 0.05
    endloop
  endfacet
  facet normal -0.580675 -0.199758 0.789249
    outer loop
      vertex -28.2463 -25.1067 0.05
      vertex -0.05 7.71059 29.1009
      vertex -28.4858 -24.4105 0.05
    endloop
  endfacet
  facet normal -0.573324 -0.208763 0.792287
    outer loop
      vertex -0.05 6.99862 28.9133
      vertex -0.05 7.71059 29.1009
      vertex -28.2463 -25.1067 0.05
    endloop
  endfacet
  facet normal -0.876072 -0.482179 0
    outer loop
      vertex -26.1026 -29.7869 -0.05
      vertex -26.1026 -29.7869 0.05
      vertex -26.4576 -29.1419 -0.05
    endloop
  endfacet
  facet normal -0.864025 -0.503449 0
    outer loop
      vertex -25.7319 -30.4231 -0.05
      vertex -26.1026 -29.7869 0.05
      vertex -26.1026 -29.7869 -0.05
    endloop
  endfacet
  facet normal 0.278554 -0.960421 0
    outer loop
      vertex 8.00138 -43.9133 0.05
      vertex 8.00138 -43.9133 -0.05
      vertex 8.70854 -43.7082 0.05
    endloop
  endfacet
  facet normal 0.254797 -0.966994 0
    outer loop
      vertex 7.28941 -44.1009 0.05
      vertex 8.00138 -43.9133 -0.05
      vertex 8.00138 -43.9133 0.05
    endloop
  endfacet
  facet normal 0.953303 -0.302015 0
    outer loop
      vertex 28.7082 -23.7085 0.05
      vertex 28.4858 -24.4105 0.05
      vertex 28.7082 -23.7085 -0.05
    endloop
  endfacet
  facet normal -0.508422 -0.2801 -0.814279
    outer loop
      vertex -26.1026 -29.7869 -0.05
      vertex -0.05 5.58955 -28.4858
      vertex -0.05 4.8933 -28.2463
    endloop
  endfacet
  facet normal 0 -0.207118 -0.978316
    outer loop
      vertex 0.05 8.42696 -29.2711
      vertex -0.05 9.14729 -29.4236
      vertex 0.05 9.14729 -29.4236
    endloop
  endfacet
  facet normal -0.591099 -0.186447 -0.784755
    outer loop
      vertex -28.7082 -23.7085 -0.05
      vertex -0.05 8.42696 -29.2711
      vertex -0.05 7.71059 -29.1009
    endloop
  endfacet
  facet normal 0 -0.254797 -0.966994
    outer loop
      vertex -0.05 6.99862 -28.9133
      vertex 0.05 7.71059 -29.1009
      vertex 0.05 6.99862 -28.9133
    endloop
  endfacet
  facet normal 0.580675 -0.199758 -0.789249
    outer loop
      vertex 28.2463 -25.1067 -0.05
      vertex 0.05 7.71059 -29.1009
      vertex 28.4858 -24.4105 -0.05
    endloop
  endfacet
  facet normal -0.284136 -0.436783 -0.853515
    outer loop
      vertex -16.6671 -39.9441 -0.05
      vertex -0.05 1.51166 -26.7967
      vertex -16.0499 -40.3456 -0.05
    endloop
  endfacet
  facet normal 0.451742 -0.331273 -0.828364
    outer loop
      vertex 24.0962 -32.871 -0.05
      vertex 0.05 3.5195 -27.7164
      vertex 0.05 4.20315 -27.9898
    endloop
  endfacet
  facet normal 0.487283 -0.300315 0.81998
    outer loop
      vertex 0.05 4.8933 28.2463
      vertex 25.3456 -31.0499 0.05
      vertex 25.7319 -30.4231 0.05
    endloop
  endfacet
  facet normal 0.838245 -0.545294 0
    outer loop
      vertex 24.9441 -31.6671 0.05
      vertex 25.3456 -31.0499 -0.05
      vertex 25.3456 -31.0499 0.05
    endloop
  endfacet
  facet normal 0.898625 -0.438718 0
    outer loop
      vertex 26.7967 -28.4883 0.05
      vertex 26.7967 -28.4883 -0.05
      vertex 27.1197 -27.8267 0.05
    endloop
  endfacet
  facet normal 0.887646 -0.460527 0
    outer loop
      vertex 26.4576 -29.1419 0.05
      vertex 26.7967 -28.4883 -0.05
      vertex 26.7967 -28.4883 0.05
    endloop
  endfacet
  facet normal 0.966997 -0.254787 0
    outer loop
      vertex 28.9133 -23.0014 0.05
      vertex 28.9133 -23.0014 -0.05
      vertex 29.1009 -22.2894 0.05
    endloop
  endfacet
  facet normal 0.600472 -0.174172 0.780447
    outer loop
      vertex 0.05 8.42696 29.2711
      vertex 28.7082 -23.7085 0.05
      vertex 28.9133 -23.0014 0.05
    endloop
  endfacet
  facet normal 0.960414 -0.278576 0
    outer loop
      vertex 28.7082 -23.7085 -0.05
      vertex 28.9133 -23.0014 -0.05
      vertex 28.7082 -23.7085 0.05
    endloop
  endfacet
  facet normal 0.600472 -0.174172 -0.780447
    outer loop
      vertex 0.05 8.42696 -29.2711
      vertex 28.9133 -23.0014 -0.05
      vertex 28.7082 -23.7085 -0.05
    endloop
  endfacet
  facet normal 0.937363 -0.348354 0
    outer loop
      vertex 27.9898 -25.7969 0.05
      vertex 27.9898 -25.7969 -0.05
      vertex 28.2463 -25.1067 0.05
    endloop
  endfacet
  facet normal 0.928495 -0.371344 0
    outer loop
      vertex 27.7164 -26.4805 0.05
      vertex 27.9898 -25.7969 -0.05
      vertex 27.9898 -25.7969 0.05
    endloop
  endfacet
  facet normal 0.540016 -0.247302 0.804502
    outer loop
      vertex 27.4263 -27.1572 0.05
      vertex 0.05 6.29146 28.7082
      vertex 27.1197 -27.8267 0.05
    endloop
  endfacet
  facet normal 0 -0.30205 0.953292
    outer loop
      vertex -0.05 5.58955 28.4858
      vertex 0.05 6.29146 28.7082
      vertex -0.05 6.29146 28.7082
    endloop
  endfacet
  facet normal 0.52955 -0.258532 -0.807922
    outer loop
      vertex 27.1197 -27.8267 -0.05
      vertex 26.7967 -28.4883 -0.05
      vertex 0.05 5.58955 -28.4858
    endloop
  endfacet
  facet normal 0.898625 -0.438718 0
    outer loop
      vertex 27.1197 -27.8267 0.05
      vertex 26.7967 -28.4883 -0.05
      vertex 27.1197 -27.8267 -0.05
    endloop
  endfacet
  facet normal 0.410558 -0.363071 -0.836434
    outer loop
      vertex 22.2285 -35.1468 -0.05
      vertex 0.05 2.84276 -27.4263
      vertex 22.7163 -34.5952 -0.05
    endloop
  endfacet
  facet normal -0.377457 -0.385612 -0.84192
    outer loop
      vertex -0.05 2.84276 -27.4263
      vertex -0.05 2.17335 -27.1197
      vertex -21.2132 -36.2132 -0.05
    endloop
  endfacet
  facet normal 0.410558 -0.363071 0.836434
    outer loop
      vertex 22.2285 -35.1468 0.05
      vertex 22.7163 -34.5952 0.05
      vertex 0.05 2.84276 27.4263
    endloop
  endfacet
  facet normal -0.417406 -0.358034 -0.835215
    outer loop
      vertex -22.7163 -34.5952 -0.05
      vertex -0.05 3.5195 -27.7164
      vertex -0.05 2.84276 -27.4263
    endloop
  endfacet
  facet normal 0.732639 -0.680618 0
    outer loop
      vertex 22.2285 -35.1468 0.05
      vertex 21.7274 -35.6862 -0.05
      vertex 22.2285 -35.1468 -0.05
    endloop
  endfacet
  facet normal 0.399361 -0.371004 0.838372
    outer loop
      vertex 0.05 2.84276 27.4263
      vertex 21.7274 -35.6862 0.05
      vertex 22.2285 -35.1468 0.05
    endloop
  endfacet
  facet normal 0.376719 -0.386096 0.842029
    outer loop
      vertex 0.05 2.17335 27.1197
      vertex 20.6862 -36.7274 0.05
      vertex 21.2132 -36.2132 0.05
    endloop
  endfacet
  facet normal 0.662457 -0.7491 0
    outer loop
      vertex 19.5952 -37.7163 0.05
      vertex 20.1468 -37.2285 -0.05
      vertex 20.1468 -37.2285 0.05
    endloop
  endfacet
  facet normal 0.268562 -0.443629 -0.855025
    outer loop
      vertex 0.05 0.858098 -26.4576
      vertex 0.05 1.51166 -26.7967
      vertex 15.4231 -40.7319 -0.05
    endloop
  endfacet
  facet normal -0.295943 -0.43127 -0.852305
    outer loop
      vertex -17.2742 -39.5275 -0.05
      vertex -0.05 1.51166 -26.7967
      vertex -16.6671 -39.9441 -0.05
    endloop
  endfacet
  facet normal -0 -0.37132 -0.928505
    outer loop
      vertex 0.05 4.20315 -27.9898
      vertex 0.05 3.5195 -27.7164
      vertex -0.05 4.20315 -27.9898
    endloop
  endfacet
  facet normal 0.443867 -0.33773 0.830013
    outer loop
      vertex 0.05 3.5195 27.7164
      vertex 23.6504 -33.4569 0.05
      vertex 24.0962 -32.871 0.05
    endloop
  endfacet
  facet normal 0.388094 -0.378667 0.840235
    outer loop
      vertex 21.2132 -36.2132 0.05
      vertex 21.7274 -35.6862 0.05
      vertex 0.05 2.84276 27.4263
    endloop
  endfacet
  facet normal 0.732639 -0.680618 0
    outer loop
      vertex 21.7274 -35.6862 0.05
      vertex 21.7274 -35.6862 -0.05
      vertex 22.2285 -35.1468 0.05
    endloop
  endfacet
  facet normal 0.438718 -0.898625 0
    outer loop
      vertex 13.4883 -41.7967 -0.05
      vertex 12.8267 -42.1197 0.05
      vertex 12.8267 -42.1197 -0.05
    endloop
  endfacet
  facet normal 0.438718 -0.898625 0
    outer loop
      vertex 13.4883 -41.7967 0.05
      vertex 12.8267 -42.1197 0.05
      vertex 13.4883 -41.7967 -0.05
    endloop
  endfacet
  facet normal 0.248687 -0.451839 -0.856736
    outer loop
      vertex 14.7869 -41.1026 -0.05
      vertex 14.1419 -41.4576 -0.05
      vertex 0.05 0.858098 -26.4576
    endloop
  endfacet
  facet normal 0.460527 -0.887646 0
    outer loop
      vertex 14.1419 -41.4576 -0.05
      vertex 14.1419 -41.4576 0.05
      vertex 13.4883 -41.7967 -0.05
    endloop
  endfacet
  facet normal 0.260493 -0.447061 0.855733
    outer loop
      vertex 0.05 0.858098 26.4576
      vertex 14.7869 -41.1026 0.05
      vertex 15.4231 -40.7319 0.05
    endloop
  endfacet
  facet normal 0.482179 -0.876072 0
    outer loop
      vertex 14.7869 -41.1026 -0.05
      vertex 14.1419 -41.4576 0.05
      vertex 14.1419 -41.4576 -0.05
    endloop
  endfacet
  facet normal 0.545294 -0.838245 0
    outer loop
      vertex 16.0499 -40.3456 -0.05
      vertex 16.6671 -39.9441 0.05
      vertex 16.0499 -40.3456 0.05
    endloop
  endfacet
  facet normal 0.284136 -0.436783 -0.853515
    outer loop
      vertex 0.05 1.51166 -26.7967
      vertex 16.6671 -39.9441 -0.05
      vertex 16.0499 -40.3456 -0.05
    endloop
  endfacet
  facet normal 0.342368 -0.406942 -0.846866
    outer loop
      vertex 19.5952 -37.7163 -0.05
      vertex 19.0318 -38.1903 -0.05
      vertex 0.05 2.17335 -27.1197
    endloop
  endfacet
  facet normal 0.643784 -0.765207 0
    outer loop
      vertex 19.5952 -37.7163 0.05
      vertex 19.0318 -38.1903 -0.05
      vertex 19.5952 -37.7163 -0.05
    endloop
  endfacet
  facet normal 0.33082 -0.413364 0.848345
    outer loop
      vertex 19.0318 -38.1903 0.05
      vertex 0.05 2.17335 27.1197
      vertex 18.4569 -38.6504 0.05
    endloop
  endfacet
  facet normal 0.342368 -0.406942 0.846866
    outer loop
      vertex 19.5952 -37.7163 0.05
      vertex 0.05 2.17335 27.1197
      vertex 19.0318 -38.1903 0.05
    endloop
  endfacet
  facet normal -0.482179 -0.876072 -0
    outer loop
      vertex -14.1419 -41.4576 0.05
      vertex -14.7869 -41.1026 0.05
      vertex -14.1419 -41.4576 -0.05
    endloop
  endfacet
  facet normal -0.268562 -0.443629 0.855025
    outer loop
      vertex -0.05 1.51166 26.7967
      vertex -15.4231 -40.7319 0.05
      vertex -0.05 0.858098 26.4576
    endloop
  endfacet
  facet normal -0.212859 -0.464805 -0.859446
    outer loop
      vertex -0.05 0.858098 -26.4576
      vertex -12.1572 -42.4263 -0.05
      vertex -12.8267 -42.1197 -0.05
    endloop
  endfacet
  facet normal -0.200903 -0.468635 -0.860244
    outer loop
      vertex -11.4805 -42.7164 -0.05
      vertex -12.1572 -42.4263 -0.05
      vertex -0.05 0.858098 -26.4576
    endloop
  endfacet
  facet normal -0.260493 -0.447061 0.855733
    outer loop
      vertex -15.4231 -40.7319 0.05
      vertex -14.7869 -41.1026 0.05
      vertex -0.05 0.858098 26.4576
    endloop
  endfacet
  facet normal -0.236787 -0.456397 -0.857691
    outer loop
      vertex -0.05 0.858098 -26.4576
      vertex -13.4883 -41.7967 -0.05
      vertex -14.1419 -41.4576 -0.05
    endloop
  endfacet
  facet normal -0.158902 -0.987294 0
    outer loop
      vertex -5.12886 -44.5583 -0.05
      vertex -4.40191 -44.6753 0.05
      vertex -5.12886 -44.5583 0.05
    endloop
  endfacet
  facet normal -0.158902 -0.987294 0
    outer loop
      vertex -4.40191 -44.6753 -0.05
      vertex -4.40191 -44.6753 0.05
      vertex -5.12886 -44.5583 -0.05
    endloop
  endfacet
  facet normal -0.278554 -0.960421 0
    outer loop
      vertex -8.70854 -43.7082 -0.05
      vertex -8.00138 -43.9133 0.05
      vertex -8.70854 -43.7082 0.05
    endloop
  endfacet
  facet normal -0.278554 -0.960421 0
    outer loop
      vertex -8.00138 -43.9133 -0.05
      vertex -8.00138 -43.9133 0.05
      vertex -8.70854 -43.7082 -0.05
    endloop
  endfacet
  facet normal -0.0428996 -0.49794 0.86615
    outer loop
      vertex -2.94051 -44.8555 0.05
      vertex -2.20694 -44.9187 0.05
      vertex -0.05 0.213054 26.1026
    endloop
  endfacet
  facet normal -0.085836 -0.996309 0
    outer loop
      vertex -2.94051 -44.8555 -0.05
      vertex -2.20694 -44.9187 0.05
      vertex -2.94051 -44.8555 0.05
    endloop
  endfacet
  facet normal 0.182419 -0.474064 0.861386
    outer loop
      vertex 0.05 0.213054 26.1026
      vertex 10.7969 -42.9898 0.05
      vertex 0.05 0.858098 26.4576
    endloop
  endfacet
  facet normal 0.176767 -0.475652 0.861689
    outer loop
      vertex 10.1067 -43.2463 0.05
      vertex 10.7969 -42.9898 0.05
      vertex 0.05 0.213054 26.1026
    endloop
  endfacet
  facet normal -0.503449 -0.864025 0
    outer loop
      vertex -15.4231 -40.7319 -0.05
      vertex -14.7869 -41.1026 0.05
      vertex -15.4231 -40.7319 0.05
    endloop
  endfacet
  facet normal -0.260493 -0.447061 -0.855733
    outer loop
      vertex -0.05 0.858098 -26.4576
      vertex -14.7869 -41.1026 -0.05
      vertex -15.4231 -40.7319 -0.05
    endloop
  endfacet
  facet normal -0.545294 -0.838245 0
    outer loop
      vertex -16.0499 -40.3456 -0.05
      vertex -16.6671 -39.9441 0.05
      vertex -16.6671 -39.9441 -0.05
    endloop
  endfacet
  facet normal -0 -0.43867 -0.898648
    outer loop
      vertex 0.05 2.17335 -27.1197
      vertex -0.05 1.51166 -26.7967
      vertex -0.05 2.17335 -27.1197
    endloop
  endfacet
  facet normal -0.565808 -0.824537 -0
    outer loop
      vertex -17.2742 -39.5275 0.05
      vertex -17.2742 -39.5275 -0.05
      vertex -16.6671 -39.9441 0.05
    endloop
  endfacet
  facet normal -0.30756 -0.425578 0.851052
    outer loop
      vertex -0.05 1.51166 26.7967
      vertex -17.871 -39.0962 0.05
      vertex -17.2742 -39.5275 0.05
    endloop
  endfacet
  facet normal -0.545294 -0.838245 -0
    outer loop
      vertex -16.0499 -40.3456 0.05
      vertex -16.6671 -39.9441 0.05
      vertex -16.0499 -40.3456 -0.05
    endloop
  endfacet
  facet normal -0.284136 -0.436783 0.853515
    outer loop
      vertex -0.05 1.51166 26.7967
      vertex -16.6671 -39.9441 0.05
      vertex -16.0499 -40.3456 0.05
    endloop
  endfacet
  facet normal -0.605527 -0.795824 0
    outer loop
      vertex -18.4569 -38.6504 -0.05
      vertex -17.871 -39.0962 -0.05
      vertex -18.4569 -38.6504 0.05
    endloop
  endfacet
  facet normal -0.33082 -0.413364 -0.848345
    outer loop
      vertex -19.0318 -38.1903 -0.05
      vertex -0.05 2.17335 -27.1197
      vertex -18.4569 -38.6504 -0.05
    endloop
  endfacet
  facet normal -0.624844 -0.78075 -0
    outer loop
      vertex -19.0318 -38.1903 0.05
      vertex -19.0318 -38.1903 -0.05
      vertex -18.4569 -38.6504 0.05
    endloop
  endfacet
  facet normal -0.643784 -0.765207 0
    outer loop
      vertex -19.5952 -37.7163 0.05
      vertex -19.0318 -38.1903 -0.05
      vertex -19.0318 -38.1903 0.05
    endloop
  endfacet
  facet normal 0.128311 -0.486961 -0.863947
    outer loop
      vertex 7.28941 -44.1009 -0.05
      vertex 0.05 0.213054 -26.1026
      vertex 8.00138 -43.9133 -0.05
    endloop
  endfacet
  facet normal 0.0368061 -0.999322 0
    outer loop
      vertex 1.47203 -44.9639 0.05
      vertex 0.736237 -44.991 0.05
      vertex 1.47203 -44.9639 -0.05
    endloop
  endfacet
  facet normal 0.0613881 -0.998114 0
    outer loop
      vertex 2.20694 -44.9187 -0.05
      vertex 1.47203 -44.9639 0.05
      vertex 1.47203 -44.9639 -0.05
    endloop
  endfacet
  facet normal 0.0122234 -0.999925 0
    outer loop
      vertex 0.736237 -44.991 -0.05
      vertex 0.736237 -44.991 0.05
      vertex 0 -45 -0.05
    endloop
  endfacet
  facet normal 0.110147 -0.993915 0
    outer loop
      vertex 3.67232 -44.7744 -0.05
      vertex 3.67232 -44.7744 0.05
      vertex 2.94051 -44.8555 -0.05
    endloop
  endfacet
  facet normal 0.103997 -0.491229 -0.8648
    outer loop
      vertex 5.85271 -44.4236 -0.05
      vertex 0.05 0.213054 -26.1026
      vertex 6.57304 -44.2711 -0.05
    endloop
  endfacet
  facet normal 0.0428996 -0.49794 -0.86615
    outer loop
      vertex 2.20694 -44.9187 -0.05
      vertex 0.05 0.213054 -26.1026
      vertex 2.94051 -44.8555 -0.05
    endloop
  endfacet
  facet normal 0.00610312 -0.49926 -0.866431
    outer loop
      vertex 0 -45 -0.05
      vertex 0.05 0.213054 -26.1026
      vertex 0.736237 -44.991 -0.05
    endloop
  endfacet
  facet normal 0.0550841 -0.497054 0.865969
    outer loop
      vertex 2.94051 -44.8555 0.05
      vertex 3.67232 -44.7744 0.05
      vertex 0.05 0.213054 26.1026
    endloop
  endfacet
  facet normal 0.134594 -0.990901 0
    outer loop
      vertex 4.40191 -44.6753 -0.05
      vertex 3.67232 -44.7744 0.05
      vertex 3.67232 -44.7744 -0.05
    endloop
  endfacet
  facet normal 0.158902 -0.987294 0
    outer loop
      vertex 5.12886 -44.5583 -0.05
      vertex 4.40191 -44.6753 0.05
      vertex 4.40191 -44.6753 -0.05
    endloop
  endfacet
  facet normal 0.158902 -0.987294 0
    outer loop
      vertex 5.12886 -44.5583 0.05
      vertex 4.40191 -44.6753 0.05
      vertex 5.12886 -44.5583 -0.05
    endloop
  endfacet
  facet normal -0.348354 -0.937363 0
    outer loop
      vertex -10.1067 -43.2463 -0.05
      vertex -10.7969 -42.9898 0.05
      vertex -10.7969 -42.9898 -0.05
    endloop
  endfacet
  facet normal -0.371344 -0.928495 0
    outer loop
      vertex -10.7969 -42.9898 -0.05
      vertex -10.7969 -42.9898 0.05
      vertex -11.4805 -42.7164 -0.05
    endloop
  endfacet
  facet normal -0.0917474 -0.493032 0.86516
    outer loop
      vertex -0.05 0.213054 26.1026
      vertex -5.85271 -44.4236 0.05
      vertex -5.12886 -44.5583 0.05
    endloop
  endfacet
  facet normal -0.103997 -0.491229 0.8648
    outer loop
      vertex -6.57304 -44.2711 0.05
      vertex -5.85271 -44.4236 0.05
      vertex -0.05 0.213054 26.1026
    endloop
  endfacet
  facet normal -0.769218 0.143143 0.622746
    outer loop
      vertex -29.5583 -9.87114 0.05
      vertex -0.05 21.573 29.2711
      vertex -29.4236 -9.14729 0.05
    endloop
  endfacet
  facet normal 0 0.207126 0.978314
    outer loop
      vertex 0.05 21.573 29.2711
      vertex -0.05 20.8527 29.4236
      vertex 0.05 20.8527 29.4236
    endloop
  endfacet
  facet normal -0 0.3253 0.945611
    outer loop
      vertex -0.05 25.1067 28.2463
      vertex 0.05 24.4105 28.4858
      vertex 0.05 25.1067 28.2463
    endloop
  endfacet
  facet normal 0 0.302015 0.953303
    outer loop
      vertex -0.05 23.7085 28.7082
      vertex 0.05 24.4105 28.4858
      vertex -0.05 24.4105 28.4858
    endloop
  endfacet
  facet normal 0 0.231143 0.97292
    outer loop
      vertex 0.05 21.573 29.2711
      vertex -0.05 22.2894 29.1009
      vertex -0.05 21.573 29.2711
    endloop
  endfacet
  facet normal 0.770725 0.147277 0.619914
    outer loop
      vertex 29.4236 -9.14729 0.05
      vertex 0.05 22.2894 29.1009
      vertex 0.05 21.573 29.2711
    endloop
  endfacet
  facet normal -0.789249 0.199758 0.580675
    outer loop
      vertex -0.05 25.1067 28.2463
      vertex -29.1009 -7.71059 0.05
      vertex -0.05 24.4105 28.4858
    endloop
  endfacet
  facet normal -0.784974 0.187107 0.590598
    outer loop
      vertex -0.05 24.4105 28.4858
      vertex -29.1009 -7.71059 0.05
      vertex -0.05 23.7085 28.7082
    endloop
  endfacet
  facet normal 0 0.371344 0.928495
    outer loop
      vertex 0.05 26.4805 27.7164
      vertex -0.05 25.7969 27.9898
      vertex 0.05 25.7969 27.9898
    endloop
  endfacet
  facet normal -0 0.371344 0.928495
    outer loop
      vertex -0.05 26.4805 27.7164
      vertex -0.05 25.7969 27.9898
      vertex 0.05 26.4805 27.7164
    endloop
  endfacet
  facet normal 0.807105 0.255731 0.532149
    outer loop
      vertex 28.7082 -6.29146 0.05
      vertex 28.4858 -5.58955 0.05
      vertex 0.05 27.8267 27.1197
    endloop
  endfacet
  facet normal 0 0.394018 0.919103
    outer loop
      vertex -0.05 26.4805 27.7164
      vertex 0.05 27.1572 27.4263
      vertex -0.05 27.1572 27.4263
    endloop
  endfacet
  facet normal 0.821385 0.305275 0.481802
    outer loop
      vertex 28.2463 -4.8933 0.05
      vertex 27.9898 -4.20315 0.05
      vertex 0.05 31.0499 25.3456
    endloop
  endfacet
  facet normal 0.937355 0.348376 -0
    outer loop
      vertex 28.2463 -4.8933 -0.05
      vertex 27.9898 -4.20315 0.05
      vertex 28.2463 -4.8933 0.05
    endloop
  endfacet
  facet normal 0 0.503449 0.864025
    outer loop
      vertex -0.05 29.7869 26.1026
      vertex 0.05 30.4231 25.7319
      vertex -0.05 30.4231 25.7319
    endloop
  endfacet
  facet normal 0 0.460527 0.887646
    outer loop
      vertex 0.05 28.4883 26.7967
      vertex 0.05 29.1419 26.4576
      vertex -0.05 28.4883 26.7967
    endloop
  endfacet
  facet normal 0 0.998114 0.0613881
    outer loop
      vertex 0.05 44.9187 2.20694
      vertex 0.05 44.9639 1.47203
      vertex -0.05 44.9187 2.20694
    endloop
  endfacet
  facet normal 0.866381 0.499045 0.0183803
    outer loop
      vertex 0.05 44.9639 1.47203
      vertex 26.1026 -0.213054 0.05
      vertex 0.05 44.991 0.736237
    endloop
  endfacet
  facet normal 0 0.993915 0.110147
    outer loop
      vertex 0.05 44.7744 3.67232
      vertex 0.05 44.8555 2.94051
      vertex -0.05 44.7744 3.67232
    endloop
  endfacet
  facet normal 0 0.978316 0.207118
    outer loop
      vertex -0.05 44.2711 6.57304
      vertex 0.05 44.4236 5.85271
      vertex -0.05 44.4236 5.85271
    endloop
  endfacet
  facet normal 0.864394 0.489198 0.116227
    outer loop
      vertex 0.05 44.1009 7.28941
      vertex 26.1026 -0.213054 0.05
      vertex 0.05 44.2711 6.57304
    endloop
  endfacet
  facet normal 0.865473 0.494591 0.0796027
    outer loop
      vertex 0.05 44.5583 5.12886
      vertex 26.1026 -0.213054 0.05
      vertex 0.05 44.6753 4.40191
    endloop
  endfacet
  facet normal 0.86345 0.484469 0.140512
    outer loop
      vertex 0.05 43.7082 8.70854
      vertex 26.1026 -0.213054 0.05
      vertex 0.05 43.9133 8.00138
    endloop
  endfacet
  facet normal -0 0.987294 0.158902
    outer loop
      vertex -0.05 44.6753 4.40191
      vertex 0.05 44.5583 5.12886
      vertex 0.05 44.6753 4.40191
    endloop
  endfacet
  facet normal -0 0.945618 0.325279
    outer loop
      vertex -0.05 43.2463 10.1067
      vertex 0.05 43.2463 10.1067
      vertex -0.05 43.4858 9.41045
    endloop
  endfacet
  facet normal 0.860994 0.472246 0.188871
    outer loop
      vertex 26.4576 -0.858098 0.05
      vertex 0.05 42.9898 10.7969
      vertex 0.05 42.7164 11.4805
    endloop
  endfacet
  facet normal 0.849727 0.419576 0.319248
    outer loop
      vertex 26.7967 -1.51166 0.05
      vertex 0.05 39.0962 17.871
      vertex 0.05 38.6504 18.4569
    endloop
  endfacet
  facet normal 0.851052 0.425578 0.30756
    outer loop
      vertex 0.05 39.5275 17.2742
      vertex 0.05 39.0962 17.871
      vertex 26.7967 -1.51166 0.05
    endloop
  endfacet
  facet normal 0 0.945618 -0.325279
    outer loop
      vertex 0.05 43.4858 -9.41045
      vertex 0.05 43.2463 -10.1067
      vertex -0.05 43.4858 -9.41045
    endloop
  endfacet
  facet normal 0.862323 0.478823 -0.164708
    outer loop
      vertex 26.1026 -0.213054 -0.05
      vertex 0.05 43.2463 -10.1067
      vertex 0.05 43.4858 -9.41045
    endloop
  endfacet
  facet normal 0 0.937363 -0.348354
    outer loop
      vertex 0.05 42.9898 -10.7969
      vertex -0.05 42.9898 -10.7969
      vertex 0.05 43.2463 -10.1067
    endloop
  endfacet
  facet normal 0 0.928495 -0.371344
    outer loop
      vertex 0.05 42.7164 -11.4805
      vertex -0.05 42.9898 -10.7969
      vertex 0.05 42.9898 -10.7969
    endloop
  endfacet
  facet normal -0.852305 0.43127 0.295943
    outer loop
      vertex -0.05 39.5275 17.2742
      vertex -0.05 39.9441 16.6671
      vertex -26.7967 -1.51166 0.05
    endloop
  endfacet
  facet normal 0 0.824537 0.565808
    outer loop
      vertex 0.05 39.5275 17.2742
      vertex -0.05 39.9441 16.6671
      vertex -0.05 39.5275 17.2742
    endloop
  endfacet
  facet normal 0 0.898625 0.438718
    outer loop
      vertex -0.05 41.7967 13.4883
      vertex 0.05 42.1197 12.8267
      vertex -0.05 42.1197 12.8267
    endloop
  endfacet
  facet normal 0 0.898625 0.438718
    outer loop
      vertex 0.05 41.7967 13.4883
      vertex 0.05 42.1197 12.8267
      vertex -0.05 41.7967 13.4883
    endloop
  endfacet
  facet normal -0.857691 0.456397 0.236787
    outer loop
      vertex -26.4576 -0.858098 0.05
      vertex -0.05 41.4576 14.1419
      vertex -0.05 41.7967 13.4883
    endloop
  endfacet
  facet normal -0.856736 0.451839 0.248687
    outer loop
      vertex -0.05 41.1026 14.7869
      vertex -0.05 41.4576 14.1419
      vertex -26.4576 -0.858098 0.05
    endloop
  endfacet
  facet normal 0 0.732639 -0.680618
    outer loop
      vertex 0.05 36.7274 -20.6862
      vertex -0.05 36.7274 -20.6862
      vertex 0.05 37.2285 -20.1468
    endloop
  endfacet
  facet normal 0.843704 0.393287 -0.365361
    outer loop
      vertex 27.1197 -2.17335 -0.05
      vertex 0.05 36.7274 -20.6862
      vertex 0.05 37.2285 -20.1468
    endloop
  endfacet
  facet normal 0 0.7491 -0.662457
    outer loop
      vertex -0.05 37.7163 -19.5952
      vertex 0.05 37.7163 -19.5952
      vertex -0.05 37.2285 -20.1468
    endloop
  endfacet
  facet normal 0 0.765207 -0.643784
    outer loop
      vertex -0.05 38.1903 -19.0318
      vertex 0.05 37.7163 -19.5952
      vertex -0.05 37.7163 -19.5952
    endloop
  endfacet
  facet normal 0.66699 -0.0739176 -0.74139
    outer loop
      vertex 29.7744 -18.6723 -0.05
      vertex 0.05 12.0595 -29.8555
      vertex 29.8555 -17.9405 -0.05
    endloop
  endfacet
  facet normal 0.661787 -0.0825773 -0.74513
    outer loop
      vertex 0.05 11.3277 -29.7744
      vertex 0.05 12.0595 -29.8555
      vertex 29.7744 -18.6723 -0.05
    endloop
  endfacet
  facet normal 0 -0.012224 -0.999925
    outer loop
      vertex -0.05 14.2638 -29.991
      vertex -0.05 15 -30
      vertex 0.05 14.2638 -29.991
    endloop
  endfacet
  facet normal -0.702709 -0.00869711 -0.711424
    outer loop
      vertex -0.05 14.2638 -29.991
      vertex -29.991 -15.7362 -0.05
      vertex -0.05 15 -30
    endloop
  endfacet
  facet normal -0.999925 -0.012224 0
    outer loop
      vertex -30 -15 0.05
      vertex -29.991 -15.7362 -0.05
      vertex -29.991 -15.7362 0.05
    endloop
  endfacet
  facet normal -0.999925 -0.012224 0
    outer loop
      vertex -30 -15 -0.05
      vertex -29.991 -15.7362 -0.05
      vertex -30 -15 0.05
    endloop
  endfacet
  facet normal 0 0.278576 -0.960414
    outer loop
      vertex 0.05 23.0014 -28.9133
      vertex -0.05 23.7085 -28.7082
      vertex 0.05 23.7085 -28.7082
    endloop
  endfacet
  facet normal 0 0.278576 -0.960414
    outer loop
      vertex -0.05 23.0014 -28.9133
      vertex -0.05 23.7085 -28.7082
      vertex 0.05 23.0014 -28.9133
    endloop
  endfacet
  facet normal -0.789249 0.199758 -0.580675
    outer loop
      vertex -29.1009 -7.71059 -0.05
      vertex -0.05 25.1067 -28.2463
      vertex -0.05 24.4105 -28.4858
    endloop
  endfacet
  facet normal -0.792287 0.208763 -0.573324
    outer loop
      vertex -28.9133 -6.99862 -0.05
      vertex -0.05 25.1067 -28.2463
      vertex -29.1009 -7.71059 -0.05
    endloop
  endfacet
  facet normal 0 0.3253 -0.945611
    outer loop
      vertex 0.05 25.1067 -28.2463
      vertex 0.05 24.4105 -28.4858
      vertex -0.05 25.1067 -28.2463
    endloop
  endfacet
  facet normal 0.789249 0.199758 -0.580675
    outer loop
      vertex 29.1009 -7.71059 -0.05
      vertex 0.05 24.4105 -28.4858
      vertex 0.05 25.1067 -28.2463
    endloop
  endfacet
  facet normal 0 0.460527 -0.887646
    outer loop
      vertex -0.05 29.1419 -26.4576
      vertex 0.05 28.4883 -26.7967
      vertex -0.05 28.4883 -26.7967
    endloop
  endfacet
  facet normal 0 0.394018 -0.919103
    outer loop
      vertex -0.05 26.4805 -27.7164
      vertex 0.05 27.1572 -27.4263
      vertex 0.05 26.4805 -27.7164
    endloop
  endfacet
  facet normal 0.797251 0.224161 -0.560484
    outer loop
      vertex 28.9133 -6.99862 -0.05
      vertex 0.05 25.7969 -27.9898
      vertex 0.05 26.4805 -27.7164
    endloop
  endfacet
  facet normal 0.793344 0.212069 -0.570642
    outer loop
      vertex 0.05 25.1067 -28.2463
      vertex 0.05 25.7969 -27.9898
      vertex 28.9133 -6.99862 -0.05
    endloop
  endfacet
  facet normal 0 0.371344 -0.928495
    outer loop
      vertex -0.05 25.7969 -27.9898
      vertex -0.05 26.4805 -27.7164
      vertex 0.05 25.7969 -27.9898
    endloop
  endfacet
  facet normal -0.797251 0.224161 -0.560484
    outer loop
      vertex -28.9133 -6.99862 -0.05
      vertex -0.05 26.4805 -27.7164
      vertex -0.05 25.7969 -27.9898
    endloop
  endfacet
  facet normal -0.807105 0.255731 -0.532149
    outer loop
      vertex -0.05 27.8267 -27.1197
      vertex -28.7082 -6.29146 -0.05
      vertex -28.4858 -5.58955 -0.05
    endloop
  endfacet
  facet normal -0.945618 0.325279 0
    outer loop
      vertex -28.2463 -4.8933 0.05
      vertex -28.4858 -5.58955 -0.05
      vertex -28.4858 -5.58955 0.05
    endloop
  endfacet
  facet normal -0.814227 0.279927 0.508601
    outer loop
      vertex -28.4858 -5.58955 0.05
      vertex -0.05 29.1419 26.4576
      vertex -0.05 29.7869 26.1026
    endloop
  endfacet
  facet normal -0.811121 0.269352 0.519164
    outer loop
      vertex -0.05 28.4883 26.7967
      vertex -0.05 29.1419 26.4576
      vertex -28.4858 -5.58955 0.05
    endloop
  endfacet
  facet normal 0 0.824537 -0.565808
    outer loop
      vertex 0.05 39.5275 -17.2742
      vertex -0.05 39.9441 -16.6671
      vertex 0.05 39.9441 -16.6671
    endloop
  endfacet
  facet normal 0.852305 0.43127 -0.295943
    outer loop
      vertex 26.7967 -1.51166 -0.05
      vertex 0.05 39.5275 -17.2742
      vertex 0.05 39.9441 -16.6671
    endloop
  endfacet
  facet normal 0 0.795824 -0.605527
    outer loop
      vertex 0.05 39.0962 -17.871
      vertex -0.05 38.6504 -18.4569
      vertex -0.05 39.0962 -17.871
    endloop
  endfacet
  facet normal -0.848547 0.414213 -0.329234
    outer loop
      vertex -26.7967 -1.51166 -0.05
      vertex -0.05 38.6504 -18.4569
      vertex -27.1197 -2.17335 -0.05
    endloop
  endfacet
  facet normal -0.852305 0.43127 -0.295943
    outer loop
      vertex -26.7967 -1.51166 -0.05
      vertex -0.05 39.9441 -16.6671
      vertex -0.05 39.5275 -17.2742
    endloop
  endfacet
  facet normal 0 0.838245 -0.545294
    outer loop
      vertex 0.05 39.9441 -16.6671
      vertex -0.05 40.3456 -16.0499
      vertex 0.05 40.3456 -16.0499
    endloop
  endfacet
  facet normal 0 0.662457 0.7491
    outer loop
      vertex -0.05 34.5952 22.7163
      vertex 0.05 35.1468 22.2285
      vertex -0.05 35.1468 22.2285
    endloop
  endfacet
  facet normal -0 0.680618 0.732639
    outer loop
      vertex -0.05 35.6862 21.7274
      vertex 0.05 35.1468 22.2285
      vertex 0.05 35.6862 21.7274
    endloop
  endfacet
  facet normal 0 0.482179 -0.876072
    outer loop
      vertex 0.05 29.1419 -26.4576
      vertex -0.05 29.7869 -26.1026
      vertex 0.05 29.7869 -26.1026
    endloop
  endfacet
  facet normal 0.814227 0.279927 -0.508601
    outer loop
      vertex 28.4858 -5.58955 -0.05
      vertex 0.05 29.1419 -26.4576
      vertex 0.05 29.7869 -26.1026
    endloop
  endfacet
  facet normal -0.814279 0.2801 -0.508422
    outer loop
      vertex -28.2463 -4.8933 -0.05
      vertex -0.05 29.7869 -26.1026
      vertex -28.4858 -5.58955 -0.05
    endloop
  endfacet
  facet normal -0.817138 0.290209 -0.49806
    outer loop
      vertex -0.05 30.4231 -25.7319
      vertex -0.05 29.7869 -26.1026
      vertex -28.2463 -4.8933 -0.05
    endloop
  endfacet
  facet normal 0 0.565808 0.824537
    outer loop
      vertex 0.05 31.6671 24.9441
      vertex 0.05 32.2742 24.5275
      vertex -0.05 31.6671 24.9441
    endloop
  endfacet
  facet normal -0.827671 0.328725 0.454864
    outer loop
      vertex -0.05 32.871 24.0962
      vertex -27.9898 -4.20315 0.05
      vertex -0.05 32.2742 24.5275
    endloop
  endfacet
  facet normal -0.822651 0.310025 0.476581
    outer loop
      vertex -0.05 31.6671 24.9441
      vertex -27.9898 -4.20315 0.05
      vertex -0.05 31.0499 25.3456
    endloop
  endfacet
  facet normal 0 0.565808 0.824537
    outer loop
      vertex -0.05 31.6671 24.9441
      vertex 0.05 32.2742 24.5275
      vertex -0.05 32.2742 24.5275
    endloop
  endfacet
  facet normal 0.734549 0.0582421 0.676051
    outer loop
      vertex 0.05 17.9405 29.8555
      vertex 0.05 17.2069 29.9187
      vertex 29.9187 -12.7931 0.05
    endloop
  endfacet
  facet normal -0 0.110148 0.993915
    outer loop
      vertex -0.05 18.6723 29.7744
      vertex -0.05 17.9405 29.8555
      vertex 0.05 18.6723 29.7744
    endloop
  endfacet
  facet normal 0.759899 0.118931 0.639069
    outer loop
      vertex 0.05 20.8527 29.4236
      vertex 0.05 20.1289 29.5583
      vertex 29.6753 -10.5981 0.05
    endloop
  endfacet
  facet normal -0 0.18296 0.98312
    outer loop
      vertex -0.05 20.8527 29.4236
      vertex 0.05 20.1289 29.5583
      vertex 0.05 20.8527 29.4236
    endloop
  endfacet
  facet normal -0.736906 0.0634848 0.673007
    outer loop
      vertex -29.9187 -12.7931 0.05
      vertex -0.05 17.9405 29.8555
      vertex -29.8555 -12.0595 0.05
    endloop
  endfacet
  facet normal -0.734549 0.0582421 0.676051
    outer loop
      vertex -0.05 17.2069 29.9187
      vertex -0.05 17.9405 29.8555
      vertex -29.9187 -12.7931 0.05
    endloop
  endfacet
  facet normal 0 0.158891 0.987296
    outer loop
      vertex -0.05 19.4019 29.6753
      vertex 0.05 20.1289 29.5583
      vertex -0.05 20.1289 29.5583
    endloop
  endfacet
  facet normal -0.754095 0.104354 0.648422
    outer loop
      vertex -29.6753 -10.5981 0.05
      vertex -0.05 19.4019 29.6753
      vertex -0.05 20.1289 29.5583
    endloop
  endfacet
  facet normal -0.648422 -0.104354 0.754095
    outer loop
      vertex -0.05 10.5981 29.6753
      vertex -29.6753 -19.4019 0.05
      vertex -29.5583 -20.1289 0.05
    endloop
  endfacet
  facet normal -0.661787 -0.0825773 0.74513
    outer loop
      vertex -0.05 12.0595 29.8555
      vertex -29.7744 -18.6723 0.05
      vertex -0.05 11.3277 29.7744
    endloop
  endfacet
  facet normal -0.909196 -0.416369 0
    outer loop
      vertex -27.1197 -27.8267 -0.05
      vertex -27.4263 -27.1572 0.05
      vertex -27.4263 -27.1572 -0.05
    endloop
  endfacet
  facet normal -0.909196 -0.416369 -0
    outer loop
      vertex -27.1197 -27.8267 0.05
      vertex -27.4263 -27.1572 0.05
      vertex -27.1197 -27.8267 -0.05
    endloop
  endfacet
  facet normal 0 -0.012224 0.999925
    outer loop
      vertex 0.05 15 30
      vertex -0.05 15 30
      vertex 0.05 14.2638 29.991
    endloop
  endfacet
  facet normal 0 0.012224 0.999925
    outer loop
      vertex 0.05 15.7362 29.991
      vertex -0.05 15 30
      vertex 0.05 15 30
    endloop
  endfacet
  facet normal 0.629545 -0.133285 -0.765447
    outer loop
      vertex 29.4236 -20.8527 -0.05
      vertex 29.2711 -21.573 -0.05
      vertex 0.05 9.87114 -29.5583
    endloop
  endfacet
  facet normal 0.978314 -0.207126 0
    outer loop
      vertex 29.4236 -20.8527 0.05
      vertex 29.2711 -21.573 -0.05
      vertex 29.4236 -20.8527 -0.05
    endloop
  endfacet
  facet normal 0 -0.37132 0.928505
    outer loop
      vertex -0.05 3.5195 27.7164
      vertex 0.05 4.20315 27.9898
      vertex -0.05 4.20315 27.9898
    endloop
  endfacet
  facet normal 0 -0.37132 0.928505
    outer loop
      vertex 0.05 3.5195 27.7164
      vertex 0.05 4.20315 27.9898
      vertex -0.05 3.5195 27.7164
    endloop
  endfacet
  facet normal 0.508422 -0.2801 0.814279
    outer loop
      vertex 0.05 4.8933 28.2463
      vertex 26.1026 -29.7869 0.05
      vertex 0.05 5.58955 28.4858
    endloop
  endfacet
  facet normal 0.49806 -0.290209 0.817138
    outer loop
      vertex 25.7319 -30.4231 0.05
      vertex 26.1026 -29.7869 0.05
      vertex 0.05 4.8933 28.2463
    endloop
  endfacet
  facet normal -0.945611 -0.3253 0
    outer loop
      vertex -28.2463 -25.1067 -0.05
      vertex -28.2463 -25.1067 0.05
      vertex -28.4858 -24.4105 -0.05
    endloop
  endfacet
  facet normal -0.570642 -0.212069 0.793344
    outer loop
      vertex -28.2463 -25.1067 0.05
      vertex -27.9898 -25.7969 0.05
      vertex -0.05 6.99862 28.9133
    endloop
  endfacet
  facet normal 0 -0.254797 0.966994
    outer loop
      vertex 0.05 6.99862 28.9133
      vertex -0.05 7.71059 29.1009
      vertex -0.05 6.99862 28.9133
    endloop
  endfacet
  facet normal -0.553677 -0.231961 0.799773
    outer loop
      vertex -27.7164 -26.4805 0.05
      vertex -0.05 6.29146 28.7082
      vertex -0.05 6.99862 28.9133
    endloop
  endfacet
  facet normal 0.560484 -0.224161 0.797251
    outer loop
      vertex 27.9898 -25.7969 0.05
      vertex 0.05 6.99862 28.9133
      vertex 27.7164 -26.4805 0.05
    endloop
  endfacet
  facet normal 0.570642 -0.212069 0.793344
    outer loop
      vertex 28.2463 -25.1067 0.05
      vertex 0.05 6.99862 28.9133
      vertex 27.9898 -25.7969 0.05
    endloop
  endfacet
  facet normal -0.591099 -0.186447 0.784755
    outer loop
      vertex -28.7082 -23.7085 0.05
      vertex -0.05 7.71059 29.1009
      vertex -0.05 8.42696 29.2711
    endloop
  endfacet
  facet normal -0.590598 -0.187107 0.784974
    outer loop
      vertex -28.4858 -24.4105 0.05
      vertex -0.05 7.71059 29.1009
      vertex -28.7082 -23.7085 0.05
    endloop
  endfacet
  facet normal -0.600472 -0.174172 -0.780447
    outer loop
      vertex -28.9133 -23.0014 -0.05
      vertex -0.05 8.42696 -29.2711
      vertex -28.7082 -23.7085 -0.05
    endloop
  endfacet
  facet normal -0 -0.182948 -0.983123
    outer loop
      vertex 0.05 9.87114 -29.5583
      vertex -0.05 9.14729 -29.4236
      vertex -0.05 9.87114 -29.5583
    endloop
  endfacet
  facet normal 0 -0.231152 -0.972918
    outer loop
      vertex -0.05 8.42696 -29.2711
      vertex 0.05 7.71059 -29.1009
      vertex -0.05 7.71059 -29.1009
    endloop
  endfacet
  facet normal -0 -0.231152 -0.972918
    outer loop
      vertex 0.05 8.42696 -29.2711
      vertex 0.05 7.71059 -29.1009
      vertex -0.05 8.42696 -29.2711
    endloop
  endfacet
  facet normal -0.508601 -0.279927 -0.814227
    outer loop
      vertex -26.4576 -29.1419 -0.05
      vertex -0.05 5.58955 -28.4858
      vertex -26.1026 -29.7869 -0.05
    endloop
  endfacet
  facet normal -0.519164 -0.269352 -0.811121
    outer loop
      vertex -26.7967 -28.4883 -0.05
      vertex -0.05 5.58955 -28.4858
      vertex -26.4576 -29.1419 -0.05
    endloop
  endfacet
  facet normal 0.49806 -0.290209 -0.817138
    outer loop
      vertex 25.7319 -30.4231 -0.05
      vertex 0.05 4.8933 -28.2463
      vertex 26.1026 -29.7869 -0.05
    endloop
  endfacet
  facet normal 0.465706 -0.319574 -0.825221
    outer loop
      vertex 0.05 4.20315 -27.9898
      vertex 24.9441 -31.6671 -0.05
      vertex 24.5275 -32.2742 -0.05
    endloop
  endfacet
  facet normal 0.864025 -0.503449 0
    outer loop
      vertex 25.7319 -30.4231 -0.05
      vertex 26.1026 -29.7869 -0.05
      vertex 25.7319 -30.4231 0.05
    endloop
  endfacet
  facet normal 0 -0.393998 -0.919111
    outer loop
      vertex -0.05 3.5195 -27.7164
      vertex 0.05 3.5195 -27.7164
      vertex -0.05 2.84276 -27.4263
    endloop
  endfacet
  facet normal 0.838245 -0.545294 0
    outer loop
      vertex 24.9441 -31.6671 -0.05
      vertex 25.3456 -31.0499 -0.05
      vertex 24.9441 -31.6671 0.05
    endloop
  endfacet
  facet normal 0.481802 -0.305275 -0.821385
    outer loop
      vertex 0.05 4.8933 -28.2463
      vertex 25.3456 -31.0499 -0.05
      vertex 0.05 4.20315 -27.9898
    endloop
  endfacet
  facet normal 0.909196 -0.416369 0
    outer loop
      vertex 27.1197 -27.8267 -0.05
      vertex 27.4263 -27.1572 -0.05
      vertex 27.1197 -27.8267 0.05
    endloop
  endfacet
  facet normal 0.532149 -0.255731 -0.807105
    outer loop
      vertex 0.05 5.58955 -28.4858
      vertex 0.05 6.29146 -28.7082
      vertex 27.1197 -27.8267 -0.05
    endloop
  endfacet
  facet normal 0.590598 -0.187107 0.784974
    outer loop
      vertex 0.05 7.71059 29.1009
      vertex 28.4858 -24.4105 0.05
      vertex 28.7082 -23.7085 0.05
    endloop
  endfacet
  facet normal 0.580675 -0.199758 0.789249
    outer loop
      vertex 28.2463 -25.1067 0.05
      vertex 28.4858 -24.4105 0.05
      vertex 0.05 7.71059 29.1009
    endloop
  endfacet
  facet normal 0.570642 -0.212069 -0.793344
    outer loop
      vertex 28.2463 -25.1067 -0.05
      vertex 27.9898 -25.7969 -0.05
      vertex 0.05 6.99862 -28.9133
    endloop
  endfacet
  facet normal 0.937363 -0.348354 0
    outer loop
      vertex 28.2463 -25.1067 0.05
      vertex 27.9898 -25.7969 -0.05
      vertex 28.2463 -25.1067 -0.05
    endloop
  endfacet
  facet normal 0.887646 -0.460527 0
    outer loop
      vertex 26.4576 -29.1419 -0.05
      vertex 26.7967 -28.4883 -0.05
      vertex 26.4576 -29.1419 0.05
    endloop
  endfacet
  facet normal 0.519164 -0.269352 -0.811121
    outer loop
      vertex 0.05 5.58955 -28.4858
      vertex 26.7967 -28.4883 -0.05
      vertex 26.4576 -29.1419 -0.05
    endloop
  endfacet
  facet normal -0.353931 -0.400222 -0.845313
    outer loop
      vertex -20.1468 -37.2285 -0.05
      vertex -0.05 2.17335 -27.1197
      vertex -19.5952 -37.7163 -0.05
    endloop
  endfacet
  facet normal -0.365361 -0.393287 -0.843704
    outer loop
      vertex -20.6862 -36.7274 -0.05
      vertex -0.05 2.17335 -27.1197
      vertex -20.1468 -37.2285 -0.05
    endloop
  endfacet
  facet normal -0.78075 -0.624844 -0
    outer loop
      vertex -23.6504 -33.4569 0.05
      vertex -23.6504 -33.4569 -0.05
      vertex -23.1903 -34.0318 0.05
    endloop
  endfacet
  facet normal -0.481802 -0.305275 -0.821385
    outer loop
      vertex -0.05 4.8933 -28.2463
      vertex -0.05 4.20315 -27.9898
      vertex -25.3456 -31.0499 -0.05
    endloop
  endfacet
  facet normal 0.715746 -0.698361 0
    outer loop
      vertex 21.2132 -36.2132 0.05
      vertex 21.7274 -35.6862 -0.05
      vertex 21.7274 -35.6862 0.05
    endloop
  endfacet
  facet normal 0.715746 -0.698361 0
    outer loop
      vertex 21.2132 -36.2132 -0.05
      vertex 21.7274 -35.6862 -0.05
      vertex 21.2132 -36.2132 0.05
    endloop
  endfacet
  facet normal 0 -0.416416 -0.909174
    outer loop
      vertex -0.05 2.17335 -27.1197
      vertex 0.05 2.84276 -27.4263
      vertex 0.05 2.17335 -27.1197
    endloop
  endfacet
  facet normal 0 -0.393998 -0.919111
    outer loop
      vertex -0.05 2.84276 -27.4263
      vertex 0.05 3.5195 -27.7164
      vertex 0.05 2.84276 -27.4263
    endloop
  endfacet
  facet normal 0.365361 -0.393287 -0.843704
    outer loop
      vertex 0.05 2.17335 -27.1197
      vertex 20.6862 -36.7274 -0.05
      vertex 20.1468 -37.2285 -0.05
    endloop
  endfacet
  facet normal 0.376719 -0.386096 -0.842029
    outer loop
      vertex 21.2132 -36.2132 -0.05
      vertex 20.6862 -36.7274 -0.05
      vertex 0.05 2.17335 -27.1197
    endloop
  endfacet
  facet normal 0.605527 -0.795824 0
    outer loop
      vertex 17.871 -39.0962 0.05
      vertex 17.871 -39.0962 -0.05
      vertex 18.4569 -38.6504 0.05
    endloop
  endfacet
  facet normal 0.585738 -0.8105 0
    outer loop
      vertex 17.2742 -39.5275 0.05
      vertex 17.871 -39.0962 -0.05
      vertex 17.871 -39.0962 0.05
    endloop
  endfacet
  facet normal 0.295943 -0.43127 -0.852305
    outer loop
      vertex 17.2742 -39.5275 -0.05
      vertex 16.6671 -39.9441 -0.05
      vertex 0.05 1.51166 -26.7967
    endloop
  endfacet
  facet normal 0.545294 -0.838245 0
    outer loop
      vertex 16.6671 -39.9441 -0.05
      vertex 16.6671 -39.9441 0.05
      vertex 16.0499 -40.3456 -0.05
    endloop
  endfacet
  facet normal 0.78075 -0.624844 0
    outer loop
      vertex 23.1903 -34.0318 0.05
      vertex 23.6504 -33.4569 -0.05
      vertex 23.6504 -33.4569 0.05
    endloop
  endfacet
  facet normal 0.78075 -0.624844 0
    outer loop
      vertex 23.1903 -34.0318 -0.05
      vertex 23.6504 -33.4569 -0.05
      vertex 23.1903 -34.0318 0.05
    endloop
  endfacet
  facet normal 0.212859 -0.464805 0.859446
    outer loop
      vertex 0.05 0.858098 26.4576
      vertex 12.1572 -42.4263 0.05
      vertex 12.8267 -42.1197 0.05
    endloop
  endfacet
  facet normal 0.200903 -0.468635 0.860244
    outer loop
      vertex 11.4805 -42.7164 0.05
      vertex 12.1572 -42.4263 0.05
      vertex 0.05 0.858098 26.4576
    endloop
  endfacet
  facet normal 0.248687 -0.451839 0.856736
    outer loop
      vertex 0.05 0.858098 26.4576
      vertex 14.1419 -41.4576 0.05
      vertex 14.7869 -41.1026 0.05
    endloop
  endfacet
  facet normal 0.236787 -0.456397 0.857691
    outer loop
      vertex 13.4883 -41.7967 0.05
      vertex 14.1419 -41.4576 0.05
      vertex 0.05 0.858098 26.4576
    endloop
  endfacet
  facet normal 0.272405 -0.441996 0.854655
    outer loop
      vertex 16.0499 -40.3456 0.05
      vertex 0.05 1.51166 26.7967
      vertex 15.4231 -40.7319 0.05
    endloop
  endfacet
  facet normal 0.295943 -0.43127 0.852305
    outer loop
      vertex 0.05 1.51166 26.7967
      vertex 16.6671 -39.9441 0.05
      vertex 17.2742 -39.5275 0.05
    endloop
  endfacet
  facet normal -0.460527 -0.887646 0
    outer loop
      vertex -14.1419 -41.4576 -0.05
      vertex -13.4883 -41.7967 0.05
      vertex -14.1419 -41.4576 0.05
    endloop
  endfacet
  facet normal -0.236787 -0.456397 0.857691
    outer loop
      vertex -14.1419 -41.4576 0.05
      vertex -13.4883 -41.7967 0.05
      vertex -0.05 0.858098 26.4576
    endloop
  endfacet
  facet normal -0.585738 -0.8105 -0
    outer loop
      vertex -17.871 -39.0962 0.05
      vertex -17.871 -39.0962 -0.05
      vertex -17.2742 -39.5275 0.05
    endloop
  endfacet
  facet normal -0.605527 -0.795824 0
    outer loop
      vertex -18.4569 -38.6504 0.05
      vertex -17.871 -39.0962 -0.05
      vertex -17.871 -39.0962 0.05
    endloop
  endfacet
  facet normal -0.00610312 -0.49926 -0.866431
    outer loop
      vertex 0 -45 -0.05
      vertex -0.736237 -44.991 -0.05
      vertex -0.05 0.213054 -26.1026
    endloop
  endfacet
  facet normal -0.0122234 -0.999925 -0
    outer loop
      vertex 0 -45 0.05
      vertex -0.736237 -44.991 -0.05
      vertex 0 -45 -0.05
    endloop
  endfacet
  facet normal 0.0306662 -0.498604 0.866287
    outer loop
      vertex 0.05 0.213054 26.1026
      vertex 1.47203 -44.9639 0.05
      vertex 2.20694 -44.9187 0.05
    endloop
  endfacet
  facet normal 0.0368061 -0.999322 0
    outer loop
      vertex 1.47203 -44.9639 -0.05
      vertex 0.736237 -44.991 0.05
      vertex 0.736237 -44.991 -0.05
    endloop
  endfacet
  facet normal 0.0428996 -0.49794 0.86615
    outer loop
      vertex 2.20694 -44.9187 0.05
      vertex 2.94051 -44.8555 0.05
      vertex 0.05 0.213054 26.1026
    endloop
  endfacet
  facet normal 0.085836 -0.996309 0
    outer loop
      vertex 2.20694 -44.9187 -0.05
      vertex 2.94051 -44.8555 0.05
      vertex 2.20694 -44.9187 0.05
    endloop
  endfacet
  facet normal -0.200903 -0.468635 0.860244
    outer loop
      vertex -0.05 0.858098 26.4576
      vertex -12.1572 -42.4263 0.05
      vertex -11.4805 -42.7164 0.05
    endloop
  endfacet
  facet normal -0.212859 -0.464805 0.859446
    outer loop
      vertex -12.8267 -42.1197 0.05
      vertex -12.1572 -42.4263 0.05
      vertex -0.05 0.858098 26.4576
    endloop
  endfacet
  facet normal -0.164708 -0.478823 0.862323
    outer loop
      vertex -10.1067 -43.2463 0.05
      vertex -9.41045 -43.4858 0.05
      vertex -0.05 0.213054 26.1026
    endloop
  endfacet
  facet normal -0.30205 -0.953292 -0
    outer loop
      vertex -8.70854 -43.7082 0.05
      vertex -9.41045 -43.4858 -0.05
      vertex -8.70854 -43.7082 -0.05
    endloop
  endfacet
  facet normal 0.780447 0.174172 0.600472
    outer loop
      vertex 0.05 23.7085 28.7082
      vertex 0.05 23.0014 28.9133
      vertex 29.2711 -8.42696 0.05
    endloop
  endfacet
  facet normal -0 0.278576 0.960414
    outer loop
      vertex -0.05 23.7085 28.7082
      vertex 0.05 23.0014 28.9133
      vertex 0.05 23.7085 28.7082
    endloop
  endfacet
  facet normal -0 0.254787 0.966997
    outer loop
      vertex -0.05 23.0014 28.9133
      vertex -0.05 22.2894 29.1009
      vertex 0.05 23.0014 28.9133
    endloop
  endfacet
  facet normal -0.775684 0.160802 0.610293
    outer loop
      vertex -29.4236 -9.14729 0.05
      vertex -0.05 22.2894 29.1009
      vertex -0.05 23.0014 28.9133
    endloop
  endfacet
  facet normal -0.972918 0.231152 0
    outer loop
      vertex -29.2711 -8.42696 -0.05
      vertex -29.1009 -7.71059 0.05
      vertex -29.1009 -7.71059 -0.05
    endloop
  endfacet
  facet normal -0.972918 0.231152 0
    outer loop
      vertex -29.2711 -8.42696 0.05
      vertex -29.1009 -7.71059 0.05
      vertex -29.2711 -8.42696 -0.05
    endloop
  endfacet
  facet normal 0 0.302015 0.953303
    outer loop
      vertex 0.05 23.7085 28.7082
      vertex 0.05 24.4105 28.4858
      vertex -0.05 23.7085 28.7082
    endloop
  endfacet
  facet normal 0.784974 0.187107 0.590598
    outer loop
      vertex 29.1009 -7.71059 0.05
      vertex 0.05 24.4105 28.4858
      vertex 0.05 23.7085 28.7082
    endloop
  endfacet
  facet normal 0.800977 0.235896 0.550262
    outer loop
      vertex 28.7082 -6.29146 0.05
      vertex 0.05 27.1572 27.4263
      vertex 0.05 26.4805 27.7164
    endloop
  endfacet
  facet normal -0.797251 0.224161 0.560484
    outer loop
      vertex -28.9133 -6.99862 0.05
      vertex -0.05 25.7969 27.9898
      vertex -0.05 26.4805 27.7164
    endloop
  endfacet
  facet normal 0 0.348354 0.937363
    outer loop
      vertex 0.05 25.1067 28.2463
      vertex -0.05 25.7969 27.9898
      vertex -0.05 25.1067 28.2463
    endloop
  endfacet
  facet normal 0 0.348354 0.937363
    outer loop
      vertex 0.05 25.7969 27.9898
      vertex -0.05 25.7969 27.9898
      vertex 0.05 25.1067 28.2463
    endloop
  endfacet
  facet normal 0.953292 0.30205 -0
    outer loop
      vertex 28.4858 -5.58955 -0.05
      vertex 28.4858 -5.58955 0.05
      vertex 28.7082 -6.29146 -0.05
    endloop
  endfacet
  facet normal 0.945618 0.325279 0
    outer loop
      vertex 28.2463 -4.8933 -0.05
      vertex 28.4858 -5.58955 0.05
      vertex 28.4858 -5.58955 -0.05
    endloop
  endfacet
  facet normal 0.835215 0.358034 0.417406
    outer loop
      vertex 0.05 34.5952 22.7163
      vertex 27.7164 -3.5195 0.05
      vertex 27.4263 -2.84276 0.05
    endloop
  endfacet
  facet normal 0.834387 0.35484 0.421766
    outer loop
      vertex 0.05 34.0318 23.1903
      vertex 27.7164 -3.5195 0.05
      vertex 0.05 34.5952 22.7163
    endloop
  endfacet
  facet normal 0.828364 0.331273 0.451742
    outer loop
      vertex 27.7164 -3.5195 0.05
      vertex 0.05 32.871 24.0962
      vertex 27.9898 -4.20315 0.05
    endloop
  endfacet
  facet normal 0 0.605527 0.795824
    outer loop
      vertex -0.05 32.871 24.0962
      vertex 0.05 33.4569 23.6504
      vertex -0.05 33.4569 23.6504
    endloop
  endfacet
  facet normal 0.817138 0.290209 0.49806
    outer loop
      vertex 28.2463 -4.8933 0.05
      vertex 0.05 30.4231 25.7319
      vertex 0.05 29.7869 26.1026
    endloop
  endfacet
  facet normal 0.81998 0.300315 0.487283
    outer loop
      vertex 0.05 31.0499 25.3456
      vertex 0.05 30.4231 25.7319
      vertex 28.2463 -4.8933 0.05
    endloop
  endfacet
  facet normal 0.86516 0.493032 0.0917474
    outer loop
      vertex 0.05 44.5583 5.12886
      vertex 0.05 44.4236 5.85271
      vertex 26.1026 -0.213054 0.05
    endloop
  endfacet
  facet normal -0 0.983123 0.182948
    outer loop
      vertex -0.05 44.5583 5.12886
      vertex 0.05 44.4236 5.85271
      vertex 0.05 44.5583 5.12886
    endloop
  endfacet
  facet normal -0 0.937363 0.348354
    outer loop
      vertex -0.05 43.2463 10.1067
      vertex 0.05 42.9898 10.7969
      vertex 0.05 43.2463 10.1067
    endloop
  endfacet
  facet normal -0 0.937363 0.348354
    outer loop
      vertex -0.05 42.9898 10.7969
      vertex 0.05 42.9898 10.7969
      vertex -0.05 43.2463 10.1067
    endloop
  endfacet
  facet normal -0 0.838245 0.545294
    outer loop
      vertex -0.05 40.3456 16.0499
      vertex -0.05 39.9441 16.6671
      vertex 0.05 40.3456 16.0499
    endloop
  endfacet
  facet normal -0.853515 0.436783 0.284136
    outer loop
      vertex -26.7967 -1.51166 0.05
      vertex -0.05 39.9441 16.6671
      vertex -0.05 40.3456 16.0499
    endloop
  endfacet
  facet normal 0.860244 0.468635 0.200903
    outer loop
      vertex 0.05 42.7164 11.4805
      vertex 0.05 42.4263 12.1572
      vertex 26.4576 -0.858098 0.05
    endloop
  endfacet
  facet normal -0 0.919103 0.394018
    outer loop
      vertex -0.05 42.7164 11.4805
      vertex 0.05 42.4263 12.1572
      vertex 0.05 42.7164 11.4805
    endloop
  endfacet
  facet normal -0.842029 0.386096 -0.376719
    outer loop
      vertex -27.1197 -2.17335 -0.05
      vertex -0.05 36.7274 -20.6862
      vertex -0.05 36.2132 -21.2132
    endloop
  endfacet
  facet normal -0.843704 0.393287 -0.365361
    outer loop
      vertex -0.05 37.2285 -20.1468
      vertex -0.05 36.7274 -20.6862
      vertex -27.1197 -2.17335 -0.05
    endloop
  endfacet
  facet normal 0.673007 -0.0634848 -0.736906
    outer loop
      vertex 0.05 12.0595 -29.8555
      vertex 0.05 12.7931 -29.9187
      vertex 29.8555 -17.9405 -0.05
    endloop
  endfacet
  facet normal -0.661787 -0.0825773 -0.74513
    outer loop
      vertex -29.7744 -18.6723 -0.05
      vertex -0.05 12.0595 -29.8555
      vertex -0.05 11.3277 -29.7744
    endloop
  endfacet
  facet normal 0.800977 0.235896 -0.550262
    outer loop
      vertex 0.05 26.4805 -27.7164
      vertex 0.05 27.1572 -27.4263
      vertex 28.7082 -6.29146 -0.05
    endloop
  endfacet
  facet normal -0.953292 0.30205 0
    outer loop
      vertex -28.4858 -5.58955 0.05
      vertex -28.7082 -6.29146 -0.05
      vertex -28.7082 -6.29146 0.05
    endloop
  endfacet
  facet normal -0 0.482179 0.876072
    outer loop
      vertex -0.05 29.1419 26.4576
      vertex 0.05 29.1419 26.4576
      vertex -0.05 29.7869 26.1026
    endloop
  endfacet
  facet normal 0 0.460527 0.887646
    outer loop
      vertex -0.05 28.4883 26.7967
      vertex 0.05 29.1419 26.4576
      vertex -0.05 29.1419 26.4576
    endloop
  endfacet
  facet normal 0 0.78075 -0.624844
    outer loop
      vertex 0.05 38.1903 -19.0318
      vertex -0.05 38.6504 -18.4569
      vertex 0.05 38.6504 -18.4569
    endloop
  endfacet
  facet normal 0 0.78075 -0.624844
    outer loop
      vertex -0.05 38.1903 -19.0318
      vertex -0.05 38.6504 -18.4569
      vertex 0.05 38.1903 -19.0318
    endloop
  endfacet
  facet normal -0.853515 0.436783 -0.284136
    outer loop
      vertex -26.7967 -1.51166 -0.05
      vertex -0.05 40.3456 -16.0499
      vertex -0.05 39.9441 -16.6671
    endloop
  endfacet
  facet normal -0.854655 0.441996 -0.272405
    outer loop
      vertex -0.05 40.7319 -15.4231
      vertex -0.05 40.3456 -16.0499
      vertex -26.7967 -1.51166 -0.05
    endloop
  endfacet
  facet normal 0.836434 0.363071 0.410558
    outer loop
      vertex 27.4263 -2.84276 0.05
      vertex 0.05 35.1468 22.2285
      vertex 0.05 34.5952 22.7163
    endloop
  endfacet
  facet normal 0.838372 0.371004 0.399361
    outer loop
      vertex 0.05 35.6862 21.7274
      vertex 0.05 35.1468 22.2285
      vertex 27.4263 -2.84276 0.05
    endloop
  endfacet
  facet normal 0 0.460527 -0.887646
    outer loop
      vertex 0.05 29.1419 -26.4576
      vertex 0.05 28.4883 -26.7967
      vertex -0.05 29.1419 -26.4576
    endloop
  endfacet
  facet normal 0.811121 0.269352 -0.519164
    outer loop
      vertex 28.4858 -5.58955 -0.05
      vertex 0.05 28.4883 -26.7967
      vertex 0.05 29.1419 -26.4576
    endloop
  endfacet
  facet normal -0.937355 0.348376 0
    outer loop
      vertex -28.2463 -4.8933 -0.05
      vertex -27.9898 -4.20315 0.05
      vertex -27.9898 -4.20315 -0.05
    endloop
  endfacet
  facet normal -0.937355 0.348376 0
    outer loop
      vertex -28.2463 -4.8933 0.05
      vertex -27.9898 -4.20315 0.05
      vertex -28.2463 -4.8933 -0.05
    endloop
  endfacet
  facet normal -0.765447 0.133285 0.629545
    outer loop
      vertex -29.5583 -9.87114 0.05
      vertex -0.05 20.8527 29.4236
      vertex -0.05 21.573 29.2711
    endloop
  endfacet
  facet normal -0.761342 0.122534 0.636667
    outer loop
      vertex -29.6753 -10.5981 0.05
      vertex -0.05 20.8527 29.4236
      vertex -29.5583 -9.87114 0.05
    endloop
  endfacet
  facet normal 0 0.158891 0.987296
    outer loop
      vertex 0.05 19.4019 29.6753
      vertex 0.05 20.1289 29.5583
      vertex -0.05 19.4019 29.6753
    endloop
  endfacet
  facet normal 0.754095 0.104354 0.648422
    outer loop
      vertex 29.6753 -10.5981 0.05
      vertex 0.05 20.1289 29.5583
      vertex 0.05 19.4019 29.6753
    endloop
  endfacet
  facet normal -0.990901 -0.134592 0
    outer loop
      vertex -29.6753 -19.4019 -0.05
      vertex -29.6753 -19.4019 0.05
      vertex -29.7744 -18.6723 -0.05
    endloop
  endfacet
  facet normal -0.987296 -0.158891 0
    outer loop
      vertex -29.5583 -20.1289 -0.05
      vertex -29.6753 -19.4019 0.05
      vertex -29.6753 -19.4019 -0.05
    endloop
  endfacet
  facet normal -0.937363 -0.348354 0
    outer loop
      vertex -27.9898 -25.7969 -0.05
      vertex -27.9898 -25.7969 0.05
      vertex -28.2463 -25.1067 -0.05
    endloop
  endfacet
  facet normal -0.928495 -0.371344 0
    outer loop
      vertex -27.7164 -26.4805 -0.05
      vertex -27.9898 -25.7969 0.05
      vertex -27.9898 -25.7969 -0.05
    endloop
  endfacet
  facet normal -0.550262 -0.235896 0.800977
    outer loop
      vertex -27.7164 -26.4805 0.05
      vertex -27.4263 -27.1572 0.05
      vertex -0.05 6.29146 28.7082
    endloop
  endfacet
  facet normal -0.919103 -0.394018 0
    outer loop
      vertex -27.7164 -26.4805 -0.05
      vertex -27.4263 -27.1572 0.05
      vertex -27.7164 -26.4805 0.05
    endloop
  endfacet
  facet normal -0.52955 -0.258532 0.807922
    outer loop
      vertex -26.7967 -28.4883 0.05
      vertex -0.05 5.58955 28.4858
      vertex -27.1197 -27.8267 0.05
    endloop
  endfacet
  facet normal -0.519164 -0.269352 0.811121
    outer loop
      vertex -26.4576 -29.1419 0.05
      vertex -0.05 5.58955 28.4858
      vertex -26.7967 -28.4883 0.05
    endloop
  endfacet
  facet normal 0 -0.30205 0.953292
    outer loop
      vertex 0.05 5.58955 28.4858
      vertex 0.05 6.29146 28.7082
      vertex -0.05 5.58955 28.4858
    endloop
  endfacet
  facet normal 0.532149 -0.255731 0.807105
    outer loop
      vertex 27.1197 -27.8267 0.05
      vertex 0.05 6.29146 28.7082
      vertex 0.05 5.58955 28.4858
    endloop
  endfacet
  facet normal -0.607557 -0.164509 -0.777053
    outer loop
      vertex -28.9133 -23.0014 -0.05
      vertex -0.05 9.14729 -29.4236
      vertex -0.05 8.42696 -29.2711
    endloop
  endfacet
  facet normal -0.610293 -0.160802 -0.775684
    outer loop
      vertex -29.1009 -22.2894 -0.05
      vertex -0.05 9.14729 -29.4236
      vertex -28.9133 -23.0014 -0.05
    endloop
  endfacet
  facet normal -0.540016 -0.247302 -0.804502
    outer loop
      vertex -27.4263 -27.1572 -0.05
      vertex -0.05 6.29146 -28.7082
      vertex -27.1197 -27.8267 -0.05
    endloop
  endfacet
  facet normal -0.550262 -0.235896 -0.800977
    outer loop
      vertex -27.7164 -26.4805 -0.05
      vertex -0.05 6.29146 -28.7082
      vertex -27.4263 -27.1572 -0.05
    endloop
  endfacet
  facet normal 0 -0.325279 -0.945618
    outer loop
      vertex -0.05 5.58955 -28.4858
      vertex 0.05 4.8933 -28.2463
      vertex -0.05 4.8933 -28.2463
    endloop
  endfacet
  facet normal -0 -0.325279 -0.945618
    outer loop
      vertex 0.05 5.58955 -28.4858
      vertex 0.05 4.8933 -28.2463
      vertex -0.05 5.58955 -28.4858
    endloop
  endfacet
  facet normal 0.824537 -0.565808 0
    outer loop
      vertex 24.5275 -32.2742 0.05
      vertex 24.9441 -31.6671 -0.05
      vertex 24.9441 -31.6671 0.05
    endloop
  endfacet
  facet normal 0.824537 -0.565808 0
    outer loop
      vertex 24.5275 -32.2742 -0.05
      vertex 24.9441 -31.6671 -0.05
      vertex 24.5275 -32.2742 0.05
    endloop
  endfacet
  facet normal 0.919103 -0.394018 0
    outer loop
      vertex 27.4263 -27.1572 0.05
      vertex 27.4263 -27.1572 -0.05
      vertex 27.7164 -26.4805 0.05
    endloop
  endfacet
  facet normal 0.909196 -0.416369 0
    outer loop
      vertex 27.1197 -27.8267 0.05
      vertex 27.4263 -27.1572 -0.05
      vertex 27.4263 -27.1572 0.05
    endloop
  endfacet
  facet normal 0 -0.460548 -0.887635
    outer loop
      vertex 0.05 0.858098 -26.4576
      vertex -0.05 1.51166 -26.7967
      vertex 0.05 1.51166 -26.7967
    endloop
  endfacet
  facet normal 0 -0.460548 -0.887635
    outer loop
      vertex -0.05 0.858098 -26.4576
      vertex -0.05 1.51166 -26.7967
      vertex 0.05 0.858098 -26.4576
    endloop
  endfacet
  facet normal -0.451742 -0.331273 -0.828364
    outer loop
      vertex -24.0962 -32.871 -0.05
      vertex -0.05 4.20315 -27.9898
      vertex -0.05 3.5195 -27.7164
    endloop
  endfacet
  facet normal -0.454864 -0.328725 -0.827671
    outer loop
      vertex -24.5275 -32.2742 -0.05
      vertex -0.05 4.20315 -27.9898
      vertex -24.0962 -32.871 -0.05
    endloop
  endfacet
  facet normal -0.432859 -0.346423 -0.832241
    outer loop
      vertex -23.1903 -34.0318 -0.05
      vertex -23.6504 -33.4569 -0.05
      vertex -0.05 3.5195 -27.7164
    endloop
  endfacet
  facet normal -0.78075 -0.624844 -0
    outer loop
      vertex -23.1903 -34.0318 0.05
      vertex -23.6504 -33.4569 -0.05
      vertex -23.1903 -34.0318 -0.05
    endloop
  endfacet
  facet normal 0.765207 -0.643784 0
    outer loop
      vertex 23.1903 -34.0318 0.05
      vertex 22.7163 -34.5952 0.05
      vertex 23.1903 -34.0318 -0.05
    endloop
  endfacet
  facet normal 0.421766 -0.35484 0.834387
    outer loop
      vertex 0.05 3.5195 27.7164
      vertex 22.7163 -34.5952 0.05
      vertex 23.1903 -34.0318 0.05
    endloop
  endfacet
  facet normal 0.399361 -0.371004 -0.838372
    outer loop
      vertex 21.7274 -35.6862 -0.05
      vertex 0.05 2.84276 -27.4263
      vertex 22.2285 -35.1468 -0.05
    endloop
  endfacet
  facet normal 0.388094 -0.378667 -0.840235
    outer loop
      vertex 21.2132 -36.2132 -0.05
      vertex 0.05 2.84276 -27.4263
      vertex 21.7274 -35.6862 -0.05
    endloop
  endfacet
  facet normal 0.680618 -0.732639 0
    outer loop
      vertex 20.6862 -36.7274 -0.05
      vertex 20.6862 -36.7274 0.05
      vertex 20.1468 -37.2285 -0.05
    endloop
  endfacet
  facet normal 0.698361 -0.715746 0
    outer loop
      vertex 21.2132 -36.2132 -0.05
      vertex 20.6862 -36.7274 0.05
      vertex 20.6862 -36.7274 -0.05
    endloop
  endfacet
  facet normal 0.416369 -0.909196 0
    outer loop
      vertex 12.1572 -42.4263 0.05
      vertex 12.1572 -42.4263 -0.05
      vertex 12.8267 -42.1197 0.05
    endloop
  endfacet
  facet normal 0.394018 -0.919103 0
    outer loop
      vertex 11.4805 -42.7164 0.05
      vertex 12.1572 -42.4263 -0.05
      vertex 12.1572 -42.4263 0.05
    endloop
  endfacet
  facet normal 0.565808 -0.824537 0
    outer loop
      vertex 17.2742 -39.5275 -0.05
      vertex 16.6671 -39.9441 0.05
      vertex 16.6671 -39.9441 -0.05
    endloop
  endfacet
  facet normal 0.565808 -0.824537 0
    outer loop
      vertex 17.2742 -39.5275 0.05
      vertex 16.6671 -39.9441 0.05
      vertex 17.2742 -39.5275 -0.05
    endloop
  endfacet
  facet normal -0.438718 -0.898625 0
    outer loop
      vertex -12.8267 -42.1197 -0.05
      vertex -13.4883 -41.7967 0.05
      vertex -13.4883 -41.7967 -0.05
    endloop
  endfacet
  facet normal -0.438718 -0.898625 -0
    outer loop
      vertex -12.8267 -42.1197 0.05
      vertex -13.4883 -41.7967 0.05
      vertex -12.8267 -42.1197 -0.05
    endloop
  endfacet
  facet normal -0.503449 -0.864025 0
    outer loop
      vertex -14.7869 -41.1026 -0.05
      vertex -14.7869 -41.1026 0.05
      vertex -15.4231 -40.7319 -0.05
    endloop
  endfacet
  facet normal -0.482179 -0.876072 0
    outer loop
      vertex -14.1419 -41.4576 -0.05
      vertex -14.7869 -41.1026 0.05
      vertex -14.7869 -41.1026 -0.05
    endloop
  endfacet
  facet normal 0.0183803 -0.499045 0.866381
    outer loop
      vertex 0.05 0.213054 26.1026
      vertex 0.736237 -44.991 0.05
      vertex 1.47203 -44.9639 0.05
    endloop
  endfacet
  facet normal 0.00610312 -0.49926 0.866431
    outer loop
      vertex 0 -45 0.05
      vertex 0.736237 -44.991 0.05
      vertex 0.05 0.213054 26.1026
    endloop
  endfacet
  facet normal 0.0550841 -0.497054 -0.865969
    outer loop
      vertex 0.05 0.213054 -26.1026
      vertex 3.67232 -44.7744 -0.05
      vertex 2.94051 -44.8555 -0.05
    endloop
  endfacet
  facet normal 0.0673627 -0.495935 -0.865743
    outer loop
      vertex 4.40191 -44.6753 -0.05
      vertex 3.67232 -44.7744 -0.05
      vertex 0.05 0.213054 -26.1026
    endloop
  endfacet
  facet normal -0.188871 -0.472246 0.860994
    outer loop
      vertex -11.4805 -42.7164 0.05
      vertex -10.7969 -42.9898 0.05
      vertex -0.05 0.858098 26.4576
    endloop
  endfacet
  facet normal -0.371344 -0.928495 0
    outer loop
      vertex -11.4805 -42.7164 -0.05
      vertex -10.7969 -42.9898 0.05
      vertex -11.4805 -42.7164 0.05
    endloop
  endfacet
  facet normal -0.416369 -0.909196 0
    outer loop
      vertex -12.1572 -42.4263 -0.05
      vertex -12.1572 -42.4263 0.05
      vertex -12.8267 -42.1197 -0.05
    endloop
  endfacet
  facet normal -0.394018 -0.919103 0
    outer loop
      vertex -11.4805 -42.7164 -0.05
      vertex -12.1572 -42.4263 0.05
      vertex -12.1572 -42.4263 -0.05
    endloop
  endfacet
  facet normal -0.325279 -0.945618 0
    outer loop
      vertex -10.1067 -43.2463 0.05
      vertex -9.41045 -43.4858 -0.05
      vertex -9.41045 -43.4858 0.05
    endloop
  endfacet
  facet normal -0.325279 -0.945618 0
    outer loop
      vertex -10.1067 -43.2463 -0.05
      vertex -9.41045 -43.4858 -0.05
      vertex -10.1067 -43.2463 0.05
    endloop
  endfacet
  facet normal -0 0.416369 0.909196
    outer loop
      vertex -0.05 27.8267 27.1197
      vertex 0.05 27.1572 27.4263
      vertex 0.05 27.8267 27.1197
    endloop
  endfacet
  facet normal -0 0.416369 0.909196
    outer loop
      vertex -0.05 27.1572 27.4263
      vertex 0.05 27.1572 27.4263
      vertex -0.05 27.8267 27.1197
    endloop
  endfacet
  facet normal 0.830013 0.33773 0.443867
    outer loop
      vertex 27.7164 -3.5195 0.05
      vertex 0.05 33.4569 23.6504
      vertex 0.05 32.871 24.0962
    endloop
  endfacet
  facet normal 0.832241 0.346423 0.432859
    outer loop
      vertex 0.05 34.0318 23.1903
      vertex 0.05 33.4569 23.6504
      vertex 27.7164 -3.5195 0.05
    endloop
  endfacet
  facet normal 0 0.545294 0.838245
    outer loop
      vertex -0.05 31.0499 25.3456
      vertex 0.05 31.6671 24.9441
      vertex -0.05 31.6671 24.9441
    endloop
  endfacet
  facet normal 0 0.545294 0.838245
    outer loop
      vertex 0.05 31.0499 25.3456
      vertex 0.05 31.6671 24.9441
      vertex -0.05 31.0499 25.3456
    endloop
  endfacet
  facet normal 0 -0.0858326 -0.99631
    outer loop
      vertex -0.05 12.0595 -29.8555
      vertex 0.05 12.7931 -29.9187
      vertex 0.05 12.0595 -29.8555
    endloop
  endfacet
  facet normal 0 -0.110148 -0.993915
    outer loop
      vertex 0.05 11.3277 -29.7744
      vertex -0.05 12.0595 -29.8555
      vertex 0.05 12.0595 -29.8555
    endloop
  endfacet
  facet normal 0 -0.0858326 -0.99631
    outer loop
      vertex -0.05 12.7931 -29.9187
      vertex 0.05 12.7931 -29.9187
      vertex -0.05 12.0595 -29.8555
    endloop
  endfacet
  facet normal -0.683535 -0.0448089 -0.728541
    outer loop
      vertex -29.9187 -17.2069 -0.05
      vertex -0.05 13.528 -29.9639
      vertex -0.05 12.7931 -29.9187
    endloop
  endfacet
  facet normal 0.683535 -0.0448089 -0.728541
    outer loop
      vertex 29.9187 -17.2069 -0.05
      vertex 0.05 12.7931 -29.9187
      vertex 0.05 13.528 -29.9639
    endloop
  endfacet
  facet normal 0.676051 -0.0582421 -0.734549
    outer loop
      vertex 29.8555 -17.9405 -0.05
      vertex 0.05 12.7931 -29.9187
      vertex 29.9187 -17.2069 -0.05
    endloop
  endfacet
  facet normal -0.800977 0.235896 -0.550262
    outer loop
      vertex -0.05 26.4805 -27.7164
      vertex -28.7082 -6.29146 -0.05
      vertex -0.05 27.1572 -27.4263
    endloop
  endfacet
  facet normal -0.799773 0.231961 -0.553677
    outer loop
      vertex -28.9133 -6.99862 -0.05
      vertex -28.7082 -6.29146 -0.05
      vertex -0.05 26.4805 -27.7164
    endloop
  endfacet
  facet normal 0 0.416369 -0.909196
    outer loop
      vertex -0.05 27.8267 -27.1197
      vertex 0.05 27.1572 -27.4263
      vertex -0.05 27.1572 -27.4263
    endloop
  endfacet
  facet normal 0 0.416369 -0.909196
    outer loop
      vertex 0.05 27.8267 -27.1197
      vertex 0.05 27.1572 -27.4263
      vertex -0.05 27.8267 -27.1197
    endloop
  endfacet
  facet normal 0.487283 -0.300315 -0.81998
    outer loop
      vertex 25.7319 -30.4231 -0.05
      vertex 25.3456 -31.0499 -0.05
      vertex 0.05 4.8933 -28.2463
    endloop
  endfacet
  facet normal 0.851308 -0.524666 0
    outer loop
      vertex 25.7319 -30.4231 0.05
      vertex 25.3456 -31.0499 -0.05
      vertex 25.7319 -30.4231 -0.05
    endloop
  endfacet
  facet normal 0.443867 -0.33773 -0.830013
    outer loop
      vertex 23.6504 -33.4569 -0.05
      vertex 0.05 3.5195 -27.7164
      vertex 24.0962 -32.871 -0.05
    endloop
  endfacet
  facet normal 0.432859 -0.346423 -0.832241
    outer loop
      vertex 23.1903 -34.0318 -0.05
      vertex 0.05 3.5195 -27.7164
      vertex 23.6504 -33.4569 -0.05
    endloop
  endfacet
  facet normal 0.134594 -0.990901 0
    outer loop
      vertex 4.40191 -44.6753 0.05
      vertex 3.67232 -44.7744 0.05
      vertex 4.40191 -44.6753 -0.05
    endloop
  endfacet
  facet normal 0.0673627 -0.495935 0.865743
    outer loop
      vertex 0.05 0.213054 26.1026
      vertex 3.67232 -44.7744 0.05
      vertex 4.40191 -44.6753 0.05
    endloop
  endfacet
  facet normal 0.827671 0.328725 0.454864
    outer loop
      vertex 0.05 32.871 24.0962
      vertex 0.05 32.2742 24.5275
      vertex 27.9898 -4.20315 0.05
    endloop
  endfacet
  facet normal -0 0.585738 0.8105
    outer loop
      vertex -0.05 32.871 24.0962
      vertex 0.05 32.2742 24.5275
      vertex 0.05 32.871 24.0962
    endloop
  endfacet
endsolid OpenSCAD_Model
